Area,Perimeter,Major_Axis_Length,Minor_Axis_Length,Convex_Area,Equiv_Diameter,Eccentricity,Solidity,Extent,Roundness,Aspect_Ration,Compactness,Class
56276,888.242,326.1485,220.2388,56831,267.6805,0.7376,0.9902,0.7453,0.8963,1.4809,0.8207,1
76631,1068.146,417.1932,234.2289,77280,312.3614,0.8275,0.9916,0.7151,0.844,1.7811,0.7487,1
71623,1082.987,435.8328,211.0457,72663,301.9822,0.8749,0.9857,0.74,0.7674,2.0651,0.6929,1
66458,992.051,381.5638,222.5322,67118,290.8899,0.8123,0.9902,0.7396,0.8486,1.7146,0.7624,1
66107,998.146,383.8883,220.4545,67117,290.1207,0.8187,0.985,0.6752,0.8338,1.7413,0.7557,1
73191,1041.46,405.8132,231.4261,73969,305.2698,0.8215,0.9895,0.7165,0.848,1.7535,0.7522,1
73338,1020.055,392.2516,238.5494,73859,305.5762,0.7938,0.9929,0.7187,0.8857,1.6443,0.779,1
69692,1049.108,421.4875,211.7707,70442,297.8836,0.8646,0.9894,0.6736,0.7957,1.9903,0.7067,1
95727,1231.609,488.1199,251.3086,96831,349.118,0.8573,0.9886,0.6188,0.793,1.9423,0.7152,1
73465,1047.767,413.6504,227.2644,74089,305.8407,0.8356,0.9916,0.7443,0.8409,1.8201,0.7394,1
83429,1114.561,438.5827,242.8826,84126,325.9219,0.8327,0.9917,0.7019,0.844,1.8057,0.7431,1
85461,1136.125,446.2935,245.1551,86344,329.8671,0.8356,0.9898,0.7457,0.832,1.8205,0.7391,1
71393,1096.533,459.2091,199.1305,72203,301.4969,0.9011,0.9888,0.6,0.7461,2.3061,0.6566,1
80151,1088.349,420.8842,244.2649,80854,319.4549,0.8144,0.9913,0.7285,0.8503,1.7231,0.759,1
68078,1016.821,403.0626,215.6027,68709,294.414,0.8449,0.9908,0.7377,0.8274,1.8695,0.7304,1
57934,933.357,368.7807,201.2084,58651,271.595,0.838,0.9878,0.7124,0.8357,1.8328,0.7365,1
61138,953.256,371.2713,211.3706,61753,279.0042,0.8221,0.99,0.7391,0.8455,1.7565,0.7515,1
61519,964.694,382.1808,205.6436,62227,279.8722,0.8429,0.9886,0.6728,0.8307,1.8585,0.7323,1
76073,1064.233,430.7576,225.3286,76576,311.222,0.8523,0.9934,0.7692,0.844,1.9117,0.7225,1
56882,926.303,368.015,197.4554,57544,269.1178,0.8439,0.9885,0.7403,0.8331,1.8638,0.7313,1
69350,1037.403,418.2706,211.9446,70249,297.1517,0.8621,0.9872,0.7469,0.8098,1.9735,0.7104,1
82196,1141.067,466.2324,225.8543,82991,323.5046,0.8748,0.9904,0.6702,0.7933,2.0643,0.6939,1
62165,936.716,356.8281,222.3935,62647,281.3378,0.782,0.9923,0.7237,0.8903,1.6045,0.7884,1
85913,1120.778,435.7355,251.4643,86577,330.7383,0.8167,0.9923,0.7386,0.8595,1.7328,0.759,1
68683,1021.57,409.83,214.3968,69337,295.7193,0.8522,0.9906,0.6526,0.827,1.9115,0.7216,1
61215,951.511,369.4055,212.7202,61936,279.1798,0.8176,0.9884,0.6779,0.8497,1.7366,0.7558,1
72713,1039.375,401.8137,231.1989,73336,304.2714,0.8179,0.9915,0.6861,0.8458,1.738,0.7572,1
58684,917.482,355.8436,210.4503,59202,273.3474,0.8064,0.9913,0.7156,0.8761,1.6909,0.7682,1
59652,932.197,359.1674,213.7165,60204,275.5926,0.8037,0.9908,0.675,0.8626,1.6806,0.7673,1
89091,1138.972,443.718,256.1033,89964,336.7999,0.8166,0.9903,0.7407,0.863,1.7326,0.759,1
58701,924.23,361.2761,207.3608,59204,273.387,0.8189,0.9915,0.6746,0.8636,1.7423,0.7567,1
67699,1023.719,405.671,213.4477,68507,293.5933,0.8504,0.9882,0.6923,0.8118,1.9006,0.7237,1
80555,1089.003,418.3991,246.1369,81584,320.259,0.8087,0.9874,0.7381,0.8536,1.6999,0.7654,1
68816,996.081,387.6093,227.5767,69403,296.0055,0.8095,0.9915,0.7542,0.8716,1.7032,0.7637,1
80729,1095.096,430.9316,239.086,81407,320.6047,0.832,0.9917,0.7537,0.8459,1.8024,0.744,1
67796,1004.675,384.1239,226.0686,68610,293.8036,0.8085,0.9881,0.696,0.844,1.6991,0.7649,1
71730,1035.017,402.0958,227.921,72668,302.2077,0.8238,0.9871,0.6765,0.8414,1.7642,0.7516,1
70771,1016.414,387.1938,234.0186,71451,300.1807,0.7967,0.9905,0.7201,0.8608,1.6545,0.7753,1
73611,1019.849,384.023,244.5884,74230,306.1445,0.7709,0.9917,0.7169,0.8894,1.5701,0.7972,1
79842,1133.404,458.0375,222.8276,80792,318.8385,0.8737,0.9882,0.7354,0.781,2.0556,0.6961,1
68822,1036.675,422.2851,208.052,69467,296.0184,0.8702,0.9907,0.7514,0.8047,2.0297,0.701,1
76775,1090.25,440.8537,223.2013,77569,312.6547,0.8624,0.9898,0.7419,0.8117,1.9751,0.7092,1
62105,986.37,390.4307,203.1583,62792,281.202,0.854,0.9891,0.6624,0.8022,1.9218,0.7202,1
55811,937.114,360.5674,199.135,56778,266.5723,0.8337,0.983,0.6303,0.7986,1.8107,0.7393,1
97062,1181.124,441.0742,281.3946,97926,351.544,0.7701,0.9912,0.7266,0.8743,1.5675,0.797,1
70361,1060.623,431.2931,208.6176,71075,299.3099,0.8752,0.99,0.6644,0.786,2.0674,0.694,1
75482,1050.829,388.6198,247.8359,76417,310.0108,0.7703,0.9878,0.7015,0.859,1.5681,0.7977,1
67832,1004.39,380.6642,228.262,68816,293.8816,0.8003,0.9857,0.7191,0.845,1.6677,0.772,1
67135,1031.821,368.1006,238.7819,68784,292.3678,0.7611,0.976,0.6867,0.7924,1.5416,0.7943,1
79074,1065.425,398.656,253.8709,79681,317.3013,0.771,0.9924,0.7359,0.8754,1.5703,0.7959,1
86164,1122.042,428.2713,256.9736,86938,331.2211,0.8,0.9911,0.694,0.86,1.6666,0.7734,1
67549,1004.333,392.5092,219.6762,68147,293.2679,0.8287,0.9912,0.7106,0.8415,1.7868,0.7472,1
87490,1137.818,429.7881,260.8003,88474,333.76,0.7948,0.9889,0.7558,0.8492,1.648,0.7766,1
82468,1134.996,452.2654,232.5943,83212,324.0394,0.8576,0.9911,0.6277,0.8045,1.9444,0.7165,1
90346,1173.761,462.2198,250.0358,91444,339.1638,0.8411,0.988,0.7412,0.8241,1.8486,0.7338,1
73484,1076.322,423.5409,223.2066,74411,305.8803,0.8499,0.9875,0.7426,0.7971,1.8975,0.7222,1
87906,1156.064,446.5276,251.7033,88905,334.5525,0.826,0.9888,0.7095,0.8265,1.774,0.7492,1
83467,1127.225,452.1363,235.4289,84142,325.9961,0.8537,0.992,0.7602,0.8255,1.9205,0.721,1
82324,1108.52,440.7238,238.8192,82952,323.7563,0.8405,0.9924,0.7467,0.8419,1.8454,0.7346,1
88264,1156.395,461.0047,244.569,89044,335.2331,0.8477,0.9912,0.7685,0.8294,1.885,0.7272,1
106862,1253.488,492.4942,277.477,107521,368.8644,0.8262,0.9939,0.7391,0.8547,1.7749,0.749,1
69275,1007.568,386.0202,229.618,70121,296.991,0.8038,0.9879,0.7314,0.8575,1.6811,0.7694,1
64922,987.925,382.434,216.782,65490,287.5087,0.8238,0.9913,0.6994,0.8359,1.7641,0.7518,1
88645,1176.996,464.8264,243.8185,89630,335.9558,0.8514,0.989,0.7373,0.8041,1.9064,0.7228,1
102336,1241.001,490.5406,266.7169,103286,360.9685,0.8393,0.9908,0.7306,0.835,1.8392,0.7359,1
64604,1000.248,403.9814,204.3188,65208,286.8037,0.8627,0.9907,0.6531,0.8114,1.9772,0.7099,1
71311,1036.339,410.6743,222.1935,72149,301.3237,0.841,0.9884,0.7392,0.8344,1.8483,0.7337,1
87179,1136.822,445.2308,250.6702,88092,333.1663,0.8264,0.9896,0.7067,0.8477,1.7762,0.7483,1
86869,1164.885,464.3543,238.922,87821,332.5734,0.8575,0.9892,0.6679,0.8045,1.9435,0.7162,1
77063,1109.138,452.2426,217.8907,77806,313.2406,0.8763,0.9905,0.6162,0.7872,2.0755,0.6926,1
74522,1090.457,439.7033,217.2758,75450,308.033,0.8694,0.9877,0.7199,0.7875,2.0237,0.7005,1
64543,959.774,364.3535,226.7457,65140,286.6683,0.7828,0.9908,0.703,0.8805,1.6069,0.7868,1
95832,1229.239,501.0219,244.0251,96696,349.3095,0.8734,0.9911,0.7319,0.797,2.0532,0.6972,1
68607,1004.027,385.8641,227.7052,69396,295.5557,0.8073,0.9886,0.7031,0.8552,1.6946,0.766,1
79071,1089.765,422.3434,240.724,80002,317.2953,0.8217,0.9884,0.6704,0.8367,1.7545,0.7513,1
70673,1055.627,423.9374,213.3525,71608,299.9728,0.8641,0.9869,0.6568,0.797,1.987,0.7076,1
69517,1059.538,429.8407,206.825,70493,297.5093,0.8766,0.9862,0.6623,0.7782,2.0783,0.6921,1
66702,1029.563,420.897,203.1187,67399,291.4234,0.8758,0.9897,0.7126,0.7908,2.0722,0.6924,1
78870,1081.043,430.0428,234.1966,79424,316.8918,0.8387,0.993,0.7121,0.8481,1.8362,0.7369,1
73550,1076.141,436.6477,215.1518,74475,306.0176,0.8702,0.9876,0.7462,0.7981,2.0295,0.7008,1
70285,1038.973,397.2996,227.0837,71505,299.1482,0.8206,0.9829,0.6928,0.8182,1.7496,0.753,1
68243,1011.246,404.4244,215.334,68741,294.7706,0.8465,0.9928,0.7461,0.8386,1.8781,0.7289,1
64811,964.378,359.8989,230.1407,65426,287.2628,0.7688,0.9906,0.7619,0.8757,1.5638,0.7982,1
102377,1230.441,477.3742,274.2373,103258,361.0408,0.8185,0.9915,0.7364,0.8497,1.7407,0.7563,1
91385,1190.488,485.5496,242.1273,92490,341.1085,0.8668,0.9881,0.7227,0.8103,2.0053,0.7025,1
70222,1025.283,402.12,223.0969,70779,299.0141,0.832,0.9921,0.699,0.8395,1.8024,0.7436,1
85946,1121.265,420.8492,261.7127,87047,330.8018,0.7831,0.9874,0.7354,0.8591,1.6081,0.786,1
93924,1172.49,450.5382,266.2257,94692,345.8146,0.8067,0.9919,0.7296,0.8586,1.6923,0.7676,1
75710,1043.526,395.511,244.5521,76522,310.4786,0.7859,0.9894,0.7412,0.8737,1.6173,0.785,1
73382,1018.708,389.0548,240.6674,73955,305.6679,0.7857,0.9923,0.7564,0.8886,1.6166,0.7857,1
96935,1201.897,449.5173,276.2137,98071,351.3139,0.7889,0.9884,0.7057,0.8432,1.6274,0.7815,1
72138,1048.199,412.0657,223.8684,72927,303.0659,0.8395,0.9892,0.6954,0.8251,1.8407,0.7355,1
82132,1146.16,460.8095,228.7262,83126,323.3786,0.8681,0.988,0.6391,0.7857,2.0147,0.7018,1
76325,1076.066,420.2904,232.4291,77189,311.7371,0.8332,0.9888,0.7328,0.8283,1.8083,0.7417,1
77691,1079.665,412.6364,240.9295,78673,314.5143,0.8118,0.9875,0.6841,0.8375,1.7127,0.7622,1
82306,1059.11,390.5541,268.9078,82826,323.721,0.7252,0.9937,0.7279,0.9221,1.4524,0.8289,1
66789,1017.28,405.313,210.4572,67514,291.6134,0.8546,0.9893,0.737,0.811,1.9259,0.7195,1
80137,1124.144,454.4632,225.1284,80936,319.427,0.8687,0.9901,0.6586,0.7969,2.0187,0.7029,1
70041,1017.782,392.8732,230.235,70789,298.6285,0.8103,0.9894,0.7297,0.8497,1.7064,0.7601,1
85039,1130.265,433.7324,250.862,85907,329.0517,0.8158,0.9899,0.6958,0.8365,1.729,0.7587,1
98441,1249.004,489.5147,257.6878,99561,354.0324,0.8502,0.9888,0.6871,0.793,1.8996,0.7232,1
91282,1171.051,427.7433,273.1993,93122,340.9162,0.7695,0.9802,0.7115,0.8365,1.5657,0.797,1
73346,1076.34,418.7888,224.6259,74449,305.5929,0.844,0.9852,0.6416,0.7956,1.8644,0.7297,1
89332,1199.709,471.9775,241.5176,90457,337.2551,0.8592,0.9876,0.7539,0.7799,1.9542,0.7146,1
75040,1139.505,449.795,215.9398,76482,309.1018,0.8772,0.9811,0.5964,0.7262,2.083,0.6872,1
78532,1123.849,432.7165,232.2045,79455,316.212,0.8438,0.9884,0.6983,0.7813,1.8635,0.7308,1
96211,1169.304,418.7244,293.4921,97138,349.9995,0.7132,0.9905,0.7516,0.8843,1.4267,0.8359,1
79102,1120.31,430.87,234.4646,79999,317.3575,0.839,0.9888,0.6653,0.792,1.8377,0.7366,1
80920,1171.651,397.4495,262.3499,82943,320.9837,0.7512,0.9756,0.7258,0.7407,1.515,0.8076,1
65386,1017.984,389.2751,217.0287,66640,288.5343,0.8302,0.9812,0.7471,0.7929,1.7937,0.7412,1
92816,1229.789,472.8681,252.0375,93938,343.7688,0.8461,0.9881,0.7131,0.7712,1.8762,0.727,1
88903,1208.555,476.114,239.0078,89984,336.4444,0.8649,0.988,0.6839,0.7649,1.992,0.7066,1
74959,1059.482,399.9927,239.647,75668,308.9349,0.8007,0.9906,0.7352,0.8392,1.6691,0.7724,1
60145,938.701,357.5699,214.6178,60824,276.7291,0.7998,0.9888,0.6804,0.8577,1.6661,0.7739,1
94019,1215.135,470.8153,255.6161,95889,345.9895,0.8398,0.9805,0.7501,0.8002,1.8419,0.7349,1
71623,1086.452,431.6635,214.3176,72709,301.9822,0.868,0.9851,0.7259,0.7625,2.0141,0.6996,1
68575,1013.014,376.118,233.5821,69321,295.4867,0.7838,0.9892,0.6983,0.8397,1.6102,0.7856,1
88037,1143.45,428.9861,262.1492,88881,334.8017,0.7916,0.9905,0.7283,0.8461,1.6364,0.7804,1
76709,1086.642,426.9315,229.9314,77379,312.5203,0.8426,0.9913,0.7341,0.8164,1.8568,0.732,1
75307,1079.812,421.5085,228.3167,76138,309.6512,0.8406,0.9891,0.6739,0.8116,1.8462,0.7346,1
81357,1092.364,411.2506,252.762,82145,321.8493,0.7888,0.9904,0.7379,0.8568,1.627,0.7826,1
62211,968.901,369.045,215.6276,63090,281.4418,0.8115,0.9861,0.718,0.8328,1.7115,0.7626,1
68265,1034.969,401.9448,217.6478,69242,294.8181,0.8407,0.9859,0.7319,0.8009,1.8468,0.7335,1
80150,1130.443,447.8462,228.7348,80928,319.4529,0.8597,0.9904,0.6395,0.7882,1.9579,0.7133,1
82031,1108.321,429.8897,243.2943,82716,323.1797,0.8244,0.9917,0.7016,0.8392,1.767,0.7518,1
59259,931.363,357.889,212.0508,59858,274.6833,0.8056,0.99,0.725,0.8585,1.6878,0.7675,1
83446,1194.038,481.648,221.4931,84624,325.9551,0.888,0.9861,0.6899,0.7355,2.1746,0.6767,1
80722,1103.905,426.8265,241.4469,81479,320.5908,0.8246,0.9907,0.6708,0.8324,1.7678,0.7511,1
64073,1033.25,405.1633,207.1816,67150,285.6226,0.8594,0.9542,0.6974,0.7542,1.9556,0.705,1
66968,1022.469,398.6842,214.6545,67989,292.0039,0.8427,0.985,0.6592,0.805,1.8573,0.7324,1
66523,1022.985,405.2955,210.1596,67228,291.0322,0.8551,0.9895,0.7516,0.7988,1.9285,0.7181,1
101124,1255.646,481.9419,271.2444,103164,358.8246,0.8266,0.9802,0.6526,0.806,1.7768,0.7445,1
79149,1115.466,436.0194,232.3894,80168,317.4518,0.8461,0.9873,0.6435,0.7994,1.8762,0.7281,1
71517,1051.752,401.4022,227.7478,72424,301.7586,0.8235,0.9875,0.7208,0.8124,1.7625,0.7518,1
68860,1027.834,382.1779,232.072,69990,296.1001,0.7945,0.9839,0.7225,0.8191,1.6468,0.7748,1
87776,1181.676,475.475,235.7883,88795,334.3051,0.8684,0.9885,0.751,0.7899,2.0165,0.7031,1
92175,1207.754,485.4328,242.9822,93233,342.5797,0.8657,0.9887,0.7177,0.7941,1.9978,0.7057,1
73018,1056.45,399.4726,233.5491,74076,304.9088,0.8113,0.9857,0.6672,0.8221,1.7104,0.7633,1
69718,1066.685,418.073,214.1268,70945,297.9391,0.8589,0.9827,0.7221,0.77,1.9525,0.7126,1
56561,902.59,342.3154,210.7994,57075,268.3574,0.7879,0.991,0.7351,0.8725,1.6239,0.7839,1
80375,1112.359,433.3406,238.4624,81364,319.901,0.835,0.9878,0.6576,0.8163,1.8172,0.7382,1
67258,1033.485,412.7968,208.3175,68108,292.6355,0.8633,0.9875,0.644,0.7913,1.9816,0.7089,1
74104,1067.604,401.8534,237.2761,75071,307.1679,0.8071,0.9871,0.7378,0.817,1.6936,0.7644,1
81694,1118.852,442.772,235.8376,82443,322.5152,0.8463,0.9909,0.6411,0.8201,1.8774,0.7284,1
62584,1017.196,345.0958,233.8076,64781,282.2843,0.7355,0.9661,0.7357,0.7601,1.476,0.818,1
70175,1029.917,390.8671,229.4874,70940,298.914,0.8095,0.9892,0.7329,0.8314,1.7032,0.7647,1
95608,1217.112,475.3285,257.7036,96740,348.901,0.8403,0.9883,0.696,0.811,1.8445,0.734,1
99115,1245.19,473.7952,268.4639,100258,355.2424,0.824,0.9886,0.7203,0.8033,1.7648,0.7498,1
72614,1077.587,412.8169,226.1164,73913,304.0642,0.8366,0.9824,0.6982,0.7858,1.8257,0.7366,1
84534,1150.801,447.58,241.2236,85376,328.0732,0.8423,0.9901,0.7432,0.8021,1.8555,0.733,1
80658,1135.127,441.5689,232.9578,81631,320.4637,0.8495,0.9881,0.7535,0.7866,1.8955,0.7257,1
82306,1116.464,410.7504,256.2447,83372,323.721,0.7815,0.9872,0.7325,0.8298,1.603,0.7881,1
78850,1107.497,402.3104,252.2188,79870,316.8516,0.7791,0.9872,0.7338,0.8078,1.5951,0.7876,1
83219,1103.068,412.3368,257.671,84013,325.5115,0.7807,0.9905,0.7238,0.8595,1.6002,0.7894,1
67629,1043.16,394.4112,219.7025,69144,293.4415,0.8305,0.9781,0.697,0.781,1.7952,0.744,1
99655,1229.159,477.4395,266.7602,100495,356.2088,0.8293,0.9916,0.6881,0.8289,1.7898,0.7461,1
95117,1205.369,477.8186,254.3343,95970,348.0039,0.8466,0.9911,0.7582,0.8227,1.8787,0.7283,1
98565,1258.45,503.9363,249.9124,99461,354.2554,0.8684,0.991,0.7102,0.7821,2.0165,0.703,1
62105,989.876,394.7356,202.8029,62653,281.202,0.8579,0.9913,0.6651,0.7965,1.9464,0.7124,1
71757,1022.204,394.1106,232.7409,72386,302.2645,0.807,0.9913,0.6877,0.863,1.6933,0.767,1
72457,1016.491,380.8485,242.581,73000,303.7353,0.7709,0.9926,0.7295,0.8812,1.57,0.7975,1
87484,1147.175,438.5324,256.1463,88362,333.7485,0.8117,0.9901,0.7197,0.8354,1.712,0.7611,1
91865,1144.14,428.3266,274.0507,92776,342.0031,0.7685,0.9902,0.7189,0.8819,1.5629,0.7985,1
76259,1095.383,431.7982,226.6461,77235,311.6023,0.8512,0.9874,0.7093,0.7987,1.9052,0.7216,1
70334,1024.949,395.4998,227.6117,71376,299.2525,0.8178,0.9854,0.7509,0.8413,1.7376,0.7566,1
69309,1014.274,398.5365,222.2259,69841,297.0639,0.8301,0.9924,0.6751,0.8466,1.7934,0.7454,1
96856,1208.21,457.7499,271.2049,98253,351.1707,0.8056,0.9858,0.7021,0.8338,1.6878,0.7672,1
107244,1239.755,474.7988,288.5734,108061,369.5231,0.7941,0.9924,0.7399,0.8768,1.6453,0.7783,1
78250,1102.289,442.9966,225.7107,78959,315.6438,0.8605,0.991,0.7479,0.8093,1.9627,0.7125,1
78571,1144.291,422.1389,239.1871,80655,316.2905,0.824,0.9742,0.6673,0.754,1.7649,0.7493,1
81547,1119.846,442.0139,236.7743,82559,322.2249,0.8444,0.9877,0.626,0.8171,1.8668,0.729,1
93985,1231.823,485.719,249.0043,95250,345.9269,0.8586,0.9867,0.6118,0.7783,1.9506,0.7122,1
78244,1064.823,401.9451,249.1482,78950,315.6317,0.7847,0.9911,0.7214,0.8672,1.6133,0.7853,1
72684,1061.561,420.4868,221.3766,73535,304.2107,0.8502,0.9884,0.728,0.8105,1.8994,0.7235,1
69852,1024.846,409.4711,218.1039,70369,298.2253,0.8463,0.9927,0.6654,0.8357,1.8774,0.7283,1
89976,1171.012,466.9481,246.7559,91107,338.4686,0.849,0.9876,0.7075,0.8245,1.8923,0.7249,1
70023,1023.404,391.8565,230.0101,70867,298.5901,0.8096,0.9881,0.7276,0.8401,1.7036,0.762,1
74744,1052.625,417.3302,228.8987,75366,308.4915,0.8362,0.9917,0.7228,0.8477,1.8232,0.7392,1
79451,1084.958,424.1414,239.3025,80278,318.0568,0.8256,0.9897,0.7564,0.8482,1.7724,0.7499,1
98111,1204.969,473.5252,264.333,98851,353.4385,0.8297,0.9925,0.6814,0.8491,1.7914,0.7464,1
67582,1022.181,414.3306,209.1852,68201,293.3395,0.8632,0.9909,0.6701,0.8128,1.9807,0.708,1
73537,1056.602,415.1832,227.1057,74374,305.9905,0.8371,0.9887,0.6581,0.8277,1.8281,0.737,1
71109,1023.382,402.991,224.957,71694,300.8966,0.8297,0.9918,0.6686,0.8532,1.7914,0.7467,1
81463,1099.853,439.6717,236.4002,81993,322.0589,0.8432,0.9935,0.7376,0.8463,1.8599,0.7325,1
89806,1172.275,466.5271,245.8642,90579,338.1487,0.8499,0.9915,0.7496,0.8212,1.8975,0.7248,1
64809,1003.578,402.3724,206.258,65578,287.2584,0.8586,0.9883,0.6382,0.8086,1.9508,0.7139,1
73692,1047.379,411.486,229.0894,74317,306.3129,0.8307,0.9916,0.7208,0.8442,1.7962,0.7444,1
90239,1298.35,538.0211,217.9732,92604,338.9629,0.9143,0.9745,0.5071,0.6727,2.4683,0.63,1
76863,1069.733,419.0763,235.3793,77515,312.8338,0.8274,0.9916,0.7434,0.8441,1.7804,0.7465,1
95497,1199.376,472.5344,258.6676,96748,348.6984,0.8369,0.9871,0.7387,0.8342,1.8268,0.7379,1
64916,960.743,373.5265,221.4325,65373,287.4954,0.8053,0.993,0.7403,0.8838,1.6869,0.7697,1
68772,1047.819,423.7982,208.8385,69678,295.9108,0.8702,0.987,0.6664,0.7871,2.0293,0.6982,1
76888,1096.988,441.4888,222.5849,77743,312.8847,0.8636,0.989,0.6414,0.8029,1.9835,0.7087,1
84397,1203.64,483.522,223.6447,85408,327.8073,0.8866,0.9882,0.5891,0.7321,2.162,0.678,1
68693,1018.101,404.3318,217.3166,69334,295.7408,0.8433,0.9908,0.7393,0.8328,1.8606,0.7314,1
68426,966.046,353.3552,247.1532,68894,295.1655,0.7147,0.9932,0.736,0.9214,1.4297,0.8353,1
72508,1032.429,404.1488,229.0448,73094,303.8422,0.8239,0.992,0.6619,0.8548,1.7645,0.7518,1
86168,1115.211,429.1133,256.357,86770,331.2288,0.8019,0.9931,0.7435,0.8706,1.6739,0.7719,1
93734,1149.493,436.6288,273.9282,94548,345.4647,0.7787,0.9914,0.7355,0.8914,1.594,0.7912,1
81702,1132.453,446.1777,234.8366,83070,322.531,0.8503,0.9835,0.6719,0.8006,1.8999,0.7229,1
67828,995.114,389.1961,222.4418,68429,293.8729,0.8206,0.9912,0.6802,0.8607,1.7497,0.7551,1
70565,1046.164,418.0043,216.5399,71390,299.7435,0.8554,0.9884,0.7094,0.8102,1.9304,0.7171,1
97902,1233.711,491.1406,254.7969,99020,353.0619,0.8549,0.9887,0.7756,0.8083,1.9276,0.7189,1
58698,943.084,366.4001,206.2926,59542,273.38,0.8264,0.9858,0.7224,0.8293,1.7761,0.7461,1
74559,1029.466,391.779,243.1817,75040,308.1095,0.784,0.9936,0.7258,0.8841,1.6111,0.7864,1
83655,1125.228,439.893,242.8987,84527,326.3631,0.8337,0.9897,0.6868,0.8303,1.811,0.7419,1
103683,1239.769,476.6714,277.5163,104708,363.3363,0.813,0.9902,0.6783,0.8477,1.7176,0.7622,1
87913,1169.888,445.6384,252.9865,89481,334.5659,0.8232,0.9825,0.7415,0.8072,1.7615,0.7508,1
69069,986.683,371.6018,237.0034,69623,296.5491,0.7702,0.992,0.7436,0.8915,1.5679,0.798,1
73827,1077.447,430.5646,219.4656,74631,306.5933,0.8603,0.9892,0.7265,0.7992,1.9619,0.7121,1
95554,1186.896,450.7725,270.6546,96491,348.8024,0.7997,0.9903,0.7381,0.8524,1.6655,0.7738,1
65593,975.947,376.7856,222.4426,66217,288.9907,0.8071,0.9906,0.7633,0.8654,1.6939,0.767,1
87034,1121.454,418.2299,266.7236,88121,332.8891,0.7702,0.9877,0.7035,0.8696,1.568,0.7959,1
80452,1120.096,451.0502,227.3251,81194,320.0542,0.8637,0.9909,0.7466,0.8058,1.9842,0.7096,1
71614,1036.482,405.569,226.0209,72260,301.9632,0.8303,0.9911,0.6897,0.8377,1.7944,0.7445,1
95740,1186.055,451.5354,271.3979,96724,349.1417,0.7992,0.9898,0.7203,0.8553,1.6637,0.7732,1
66900,1005.945,391.0035,218.6312,67516,291.8557,0.8291,0.9909,0.7111,0.8308,1.7884,0.7464,1
94954,1210.977,474.3818,257.0043,96121,347.7056,0.8405,0.9879,0.7243,0.8137,1.8458,0.733,1
99109,1222.611,489.2759,258.1309,99840,355.2316,0.8495,0.9927,0.6959,0.8332,1.8955,0.726,1
81555,1110.581,437.1296,239.0168,82508,322.2407,0.8373,0.9884,0.6551,0.8309,1.8289,0.7372,1
64088,951.711,357.6842,229.8545,64658,285.656,0.7662,0.9912,0.7408,0.8892,1.5561,0.7986,1
66300,1115.094,374.0703,227.9912,67574,290.5439,0.7928,0.9811,0.7374,0.67,1.6407,0.7767,1
75406,1078.604,433.8408,223.0218,76149,309.8546,0.8578,0.9902,0.6168,0.8145,1.9453,0.7142,1
82602,1101.746,427.4416,247.0308,83456,324.3025,0.8161,0.9898,0.7493,0.8551,1.7303,0.7587,1
94164,1188.448,469.3919,257.6509,95146,346.2562,0.8359,0.9897,0.6757,0.8378,1.8218,0.7377,1
92224,1206.002,475.976,248.6184,93661,342.6708,0.8527,0.9847,0.6559,0.7968,1.9145,0.7199,1
102803,1416.303,614.8959,216.4382,104364,361.7912,0.936,0.985,0.7472,0.644,2.841,0.5884,1
84554,1114.065,423.9317,255.1256,85567,328.112,0.7986,0.9882,0.6913,0.8561,1.6617,0.774,1
107230,1318.003,530.2599,258.4708,108486,369.499,0.8732,0.9884,0.7027,0.7757,2.0515,0.6968,1
58347,976.686,350.299,213.4355,60534,272.5614,0.7929,0.9639,0.6359,0.7686,1.6412,0.7781,1
78173,1052.557,404.3107,247.1026,78792,315.4884,0.7915,0.9921,0.7172,0.8867,1.6362,0.7803,1
80206,1129.585,464.6505,220.3904,80860,319.5645,0.8804,0.9919,0.7025,0.7899,2.1083,0.6878,1
64292,971.22,381.2829,215.3336,64894,286.1103,0.8253,0.9907,0.6737,0.8565,1.7707,0.7504,1
68588,1030.694,414.1802,211.932,69347,295.5147,0.8592,0.9891,0.6175,0.8113,1.9543,0.7135,1
78586,1109.506,452.0596,221.9563,79194,316.3207,0.8712,0.9923,0.7059,0.8022,2.0367,0.6997,1
77223,1061.471,420.2079,234.3131,77753,313.5656,0.8301,0.9932,0.7567,0.8613,1.7934,0.7462,1
91710,1165.646,461.5008,253.5073,92424,341.7145,0.8356,0.9923,0.6633,0.8482,1.8205,0.7404,1
68256,1033.8,413.0075,212.2104,68919,294.7986,0.8579,0.9904,0.707,0.8026,1.9462,0.7138,1
67991,1007.004,393.7953,221.0721,68840,294.2258,0.8276,0.9877,0.7425,0.8426,1.7813,0.7472,1
93769,1188.361,463.5269,259.097,94994,345.5292,0.8292,0.9871,0.7284,0.8344,1.789,0.7454,1
89404,1131.518,432.3557,263.913,90141,337.391,0.7921,0.9918,0.7457,0.8775,1.6383,0.7804,1
85569,1183.556,491.6035,223.1268,86693,330.0755,0.8911,0.987,0.6871,0.7676,2.2032,0.6714,1
97951,1208.41,470.956,266.2872,98639,353.1502,0.8248,0.993,0.7247,0.8429,1.7686,0.7499,1
65744,1001.073,401.4937,210.0561,66437,289.3231,0.8522,0.9896,0.7324,0.8244,1.9114,0.7206,1
64356,989.324,389.6264,210.7109,65074,286.2527,0.8411,0.989,0.6445,0.8263,1.8491,0.7347,1
66511,1034.455,417.8968,204.1255,67336,291.0059,0.8726,0.9877,0.6742,0.7811,2.0473,0.6964,1
83148,1108.881,438.9682,241.533,83703,325.3726,0.835,0.9934,0.6906,0.8498,1.8174,0.7412,1
106610,1290.417,502.5752,272.1092,108253,368.4292,0.8407,0.9848,0.6764,0.8045,1.847,0.7331,1
99057,1264.881,511.9447,246.9981,99987,355.1384,0.8759,0.9907,0.6015,0.778,2.0727,0.6937,1
90115,1187.473,472.6102,244.3107,91271,338.73,0.856,0.9873,0.7378,0.8031,1.9345,0.7167,1
68743,973.33,362.656,241.8483,69205,295.8485,0.7452,0.9933,0.7502,0.9118,1.4995,0.8158,1
93982,1220.094,486.5058,247.5234,95165,345.9214,0.8609,0.9876,0.6997,0.7934,1.9655,0.711,1
61151,952.263,364.6161,214.8698,62025,279.0338,0.8079,0.9859,0.7313,0.8474,1.6969,0.7653,1
96389,1199.822,465.6498,264.5567,97092,350.3231,0.8229,0.9928,0.7441,0.8414,1.7601,0.7523,1
70661,1023.814,389.9238,232.1742,71433,299.9473,0.8034,0.9892,0.7399,0.8471,1.6794,0.7692,1
103877,1240.142,478.2383,278.0698,104566,363.6761,0.8136,0.9934,0.7367,0.8488,1.7198,0.7604,1
82245,1088.58,411.4267,256.0021,83142,323.601,0.7828,0.9892,0.7428,0.8722,1.6071,0.7865,1
86817,1175.335,462.6391,241.2961,87828,332.4738,0.8532,0.9885,0.69,0.7898,1.9173,0.7186,1
73804,1069.895,429.1019,220.278,74461,306.5455,0.8582,0.9912,0.7493,0.8102,1.948,0.7144,1
87798,1146.454,443.9409,253.4043,88603,334.347,0.8211,0.9909,0.75,0.8394,1.7519,0.7531,1
70560,1025.074,402.9124,223.6974,71116,299.7329,0.8317,0.9922,0.7396,0.8438,1.8011,0.7439,1
96056,1188.744,457.9938,268.6044,96841,349.7175,0.81,0.9919,0.7396,0.8542,1.7051,0.7636,1
75580,1088.163,441.7813,218.4192,76271,310.2119,0.8692,0.9909,0.7582,0.8021,2.0226,0.7022,1
105937,1246.342,463.7643,292.4844,107158,367.2645,0.776,0.9886,0.7699,0.857,1.5856,0.7919,1
58083,917.696,355.2475,209.1121,58535,271.9441,0.8084,0.9923,0.7272,0.8667,1.6988,0.7655,1
71221,1026.337,403.9959,225.2893,71808,301.1335,0.8301,0.9918,0.7564,0.8496,1.7932,0.7454,1
66148,992.103,389.113,218.074,66662,290.2107,0.8282,0.9923,0.6789,0.8445,1.7843,0.7458,1
83762,1173.556,484.7603,220.6686,84684,326.5717,0.8904,0.9891,0.6772,0.7643,2.1968,0.6737,1
83568,1108.331,426.2496,250.0198,84328,326.1933,0.8099,0.991,0.7064,0.8549,1.7049,0.7653,1
67292,977.074,364.6112,236.1088,68184,292.7095,0.762,0.9869,0.7249,0.8858,1.5443,0.8028,1
83667,1120.471,429.2619,248.9676,84635,326.3865,0.8146,0.9886,0.728,0.8375,1.7242,0.7603,1
95640,1169.545,431.1888,283.3884,96803,348.9594,0.7537,0.988,0.7437,0.8786,1.5215,0.8093,1
88746,1118.471,427.3974,264.9041,89419,336.1472,0.7848,0.9925,0.7155,0.8915,1.6134,0.7865,1
65545,968.763,366.5976,228.9445,66306,288.8849,0.781,0.9885,0.6933,0.8776,1.6013,0.788,1
60897,944.858,374.7772,207.0975,61476,278.4537,0.8335,0.9906,0.6683,0.8572,1.8097,0.743,1
72207,1059.358,427.1945,216.074,73179,303.2108,0.8627,0.9867,0.6363,0.8085,1.9771,0.7098,1
74251,1028.813,399.1821,237.6701,74810,307.4725,0.8034,0.9925,0.7416,0.8815,1.6796,0.7703,1
76461,1109.189,441.9541,221.2408,77634,312.0147,0.8657,0.9849,0.7438,0.781,1.9976,0.706,1
97849,1211.082,476.5714,262.3914,98653,352.9663,0.8348,0.9919,0.7037,0.8383,1.8163,0.7406,1
88144,1131.455,433.786,259.8652,88901,335.0051,0.8007,0.9915,0.7409,0.8652,1.6693,0.7723,1
83418,1109.604,425.491,250.2194,84333,325.9004,0.8088,0.9892,0.7057,0.8514,1.7005,0.7659,1
76833,1100.08,444.2218,220.6852,77566,312.7728,0.8679,0.9905,0.6115,0.7978,2.0129,0.7041,1
93040,1184.376,461.3713,259.417,94143,344.1834,0.827,0.9883,0.7036,0.8335,1.7785,0.746,1
75275,1054.831,408.8475,236.0111,76178,309.5854,0.8166,0.9881,0.6939,0.8501,1.7323,0.7572,1
92478,1155.05,442.2674,266.9829,93163,343.1423,0.7972,0.9926,0.735,0.8711,1.6565,0.7759,1
89661,1158.26,460.9889,248.2932,90435,337.8756,0.8426,0.9914,0.6878,0.8398,1.8566,0.7329,1
71792,1028.771,402.3638,228.4777,72478,302.3382,0.8231,0.9905,0.7488,0.8524,1.7611,0.7514,1
76934,1061.602,407.9159,241.0363,77995,312.9783,0.8067,0.9864,0.7445,0.8578,1.6923,0.7673,1
77916,1108.703,453.8754,219.1218,78662,314.9694,0.8757,0.9905,0.7115,0.7965,2.0713,0.694,1
70878,1156.593,419.7653,217.002,71932,300.4075,0.856,0.9853,0.7445,0.6658,1.9344,0.7157,1
90072,1172.8,467.6129,245.9946,90812,338.6491,0.8504,0.9919,0.6978,0.8229,1.9009,0.7242,1
96035,1238.979,479.5474,257.0019,97427,349.6792,0.8443,0.9857,0.7332,0.7862,1.8659,0.7292,1
69671,1035.342,415.3868,214.1642,70211,297.8387,0.8568,0.9923,0.6843,0.8168,1.9396,0.717,1
78626,1098.451,444.2062,225.8845,79265,316.4012,0.8611,0.9919,0.6356,0.8189,1.9665,0.7123,1
67781,997.056,387.4253,223.7347,68501,293.7711,0.8164,0.9895,0.7298,0.8568,1.7316,0.7583,1
73917,1039.704,408.2996,231.1501,74630,306.7801,0.8243,0.9904,0.7538,0.8593,1.7664,0.7514,1
69520,1027.513,413.306,214.8984,70205,297.5157,0.8542,0.9902,0.7593,0.8275,1.9233,0.7198,1
89376,1159.077,456.4168,250.2602,90176,337.3382,0.8363,0.9911,0.7293,0.836,1.8238,0.7391,1
77103,1088.571,439.9429,224.1217,77709,313.3219,0.8605,0.9922,0.745,0.8177,1.963,0.7122,1
73600,1044.535,407.6386,230.0997,74173,306.1216,0.8255,0.9923,0.6771,0.8477,1.7716,0.751,1
79175,1134.729,465.2679,218.1698,80151,317.5039,0.8832,0.9878,0.6828,0.7727,2.1326,0.6824,1
62922,974.831,374.2026,216.1344,63824,283.0455,0.8163,0.9859,0.7566,0.8321,1.7313,0.7564,1
75667,1056.941,413.9199,233.5927,76369,310.3904,0.8255,0.9908,0.7255,0.8512,1.772,0.7499,1
93178,1124.779,405.6369,293.47,93976,344.4385,0.6903,0.9915,0.7755,0.9255,1.3822,0.8491,1
75094,1106.91,453.497,211.2793,75867,309.213,0.8848,0.9898,0.6135,0.7702,2.1464,0.6818,1
81442,1099.384,422.1394,247.2799,82246,322.0174,0.8105,0.9902,0.6962,0.8468,1.7071,0.7628,1
86749,1130.943,438.6087,252.907,87570,332.3436,0.817,0.9906,0.7313,0.8523,1.7343,0.7577,1
77291,1080.503,423.1511,234.4568,78315,313.7036,0.8325,0.9869,0.6564,0.8319,1.8048,0.7414,1
65321,993.847,387.4832,215.5948,65969,288.3908,0.8309,0.9902,0.6759,0.831,1.7973,0.7443,1
75998,1075.001,422.841,230.2788,76871,311.0686,0.8387,0.9886,0.7236,0.8264,1.8362,0.7357,1
82957,1136.564,455.1978,232.6637,83816,324.9987,0.8595,0.9898,0.7019,0.807,1.9565,0.714,1
79101,1076.597,410.1806,246.4886,79803,317.3555,0.7993,0.9912,0.7036,0.8576,1.6641,0.7737,1
65407,997.85,397.3311,210.0864,66028,288.5806,0.8488,0.9906,0.6569,0.8255,1.8913,0.7263,1
64587,982.269,384.9825,214.8993,65205,286.766,0.8297,0.9905,0.6804,0.8412,1.7915,0.7449,1
87355,1172.477,449.8483,248.3063,88617,333.5024,0.8339,0.9858,0.7292,0.7985,1.8117,0.7414,1
68177,1043.827,407.3614,213.8399,69161,294.628,0.8511,0.9858,0.7332,0.7863,1.905,0.7233,1
73040,1040.006,383.8573,243.0195,73985,304.9548,0.7741,0.9872,0.7199,0.8486,1.5795,0.7944,1
75355,1056.027,403.3483,238.7719,75985,309.7498,0.806,0.9917,0.7519,0.8491,1.6893,0.7679,1
70129,1089.115,422.1215,212.8863,71515,298.816,0.8635,0.9806,0.6162,0.743,1.9828,0.7079,1
83987,1162.968,448.6445,239.7751,85055,327.01,0.8452,0.9874,0.6689,0.7803,1.8711,0.7289,1
85020,1146.008,453.3595,239.2618,85812,329.0149,0.8494,0.9908,0.6954,0.8135,1.8948,0.7257,1
71069,1053.775,424.0874,214.3343,71801,300.812,0.8629,0.9898,0.7617,0.8043,1.9786,0.7093,1
92549,1178.693,455.4368,259.1135,93333,343.274,0.8224,0.9916,0.7125,0.8371,1.7577,0.7537,1
84726,1104.499,402.3109,269.5667,85740,328.4456,0.7423,0.9882,0.7448,0.8728,1.4924,0.8164,1
72430,1082.3,443.2489,209.198,73096,303.6787,0.8816,0.9909,0.7523,0.777,2.1188,0.6851,1
68805,1048.514,427.2525,205.8875,69472,295.9818,0.8762,0.9904,0.7786,0.7865,2.0752,0.6928,1
80417,1100.4,430.1269,238.7222,81092,319.9845,0.8318,0.9917,0.7502,0.8346,1.8018,0.7439,1
81646,1111.511,441.5831,236.2557,82306,322.4204,0.8448,0.992,0.6542,0.8305,1.8691,0.7301,1
64005,970.523,374.1578,218.5676,64565,285.471,0.8116,0.9913,0.7444,0.8539,1.7119,0.763,1
75226,1102.405,435.491,220.521,76017,309.4846,0.8623,0.9896,0.6804,0.7778,1.9748,0.7107,1
91739,1153.294,436.7575,268.4789,92863,341.7685,0.7888,0.9879,0.7342,0.8667,1.6268,0.7825,1
65739,999.645,394.7692,212.8996,66429,289.3121,0.8421,0.9896,0.6483,0.8267,1.8543,0.7329,1
92851,1194.477,458.9213,260.63,94170,343.8336,0.8231,0.986,0.7629,0.8178,1.7608,0.7492,1
81348,1116.679,440.9811,236.1971,82610,321.8315,0.8445,0.9847,0.6485,0.8198,1.867,0.7298,1
73428,1040.181,396.1797,236.9738,74075,305.7637,0.8014,0.9913,0.735,0.8528,1.6718,0.7718,1
67736,990.204,366.0779,237.09,68405,293.6735,0.7619,0.9902,0.7286,0.8681,1.544,0.8022,1
65139,995.199,383.8197,217.7336,65790,287.9888,0.8235,0.9901,0.7327,0.8265,1.7628,0.7503,1
96587,1202.176,477.3562,258.3293,97232,350.6827,0.8409,0.9934,0.653,0.8398,1.8479,0.7346,1
60544,957.495,366.508,212.3324,61459,277.6455,0.8151,0.9851,0.7305,0.8299,1.7261,0.7575,1
85332,1132.1,442.4876,246.234,86079,329.6181,0.8309,0.9913,0.6702,0.8367,1.797,0.7449,1
62862,978.512,376.2576,213.0009,63538,282.9106,0.8243,0.9894,0.6808,0.825,1.7665,0.7519,1
59680,914.105,349.2239,218.2894,60057,275.6573,0.7806,0.9937,0.7221,0.8975,1.5998,0.7893,1
88735,1148.025,435.2677,260.1298,89694,336.1263,0.8018,0.9893,0.7258,0.8461,1.6733,0.7722,1
69735,1012.123,394.7811,226.2632,70498,297.9754,0.8195,0.9892,0.7585,0.8554,1.7448,0.7548,1
63196,988.098,389.3228,208.4943,64142,283.6611,0.8445,0.9853,0.6888,0.8134,1.8673,0.7286,1
90274,1128.662,422.2613,273.1724,90999,339.0287,0.7626,0.992,0.7181,0.8905,1.5458,0.8029,1
85506,1126.425,435.6517,251.6945,86268,329.954,0.8162,0.9912,0.7446,0.8468,1.7309,0.7574,1
96580,1213.308,464.0005,266.1265,97873,350.67,0.8192,0.9868,0.7444,0.8244,1.7435,0.7558,1
69598,1025.298,396.6914,225.2416,70469,297.6826,0.8232,0.9876,0.663,0.832,1.7612,0.7504,1
81458,1131.129,432.6654,242.5322,83163,322.049,0.8281,0.9795,0.6977,0.8001,1.784,0.7443,1
87646,1175.7,469.6673,238.5995,88681,334.0574,0.8613,0.9883,0.6925,0.7968,1.9684,0.7113,1
79453,1106.574,414.3993,246.1013,80425,318.0608,0.8046,0.9879,0.7075,0.8154,1.6839,0.7675,1
93462,1218.894,489.0691,244.93,94541,344.9631,0.8656,0.9886,0.6987,0.7905,1.9968,0.7053,1
70804,1077.834,425.0707,212.9119,71696,300.2506,0.8655,0.9876,0.7286,0.7659,1.9965,0.7064,1
80857,1114.855,429.9383,240.6893,81791,320.8587,0.8286,0.9886,0.684,0.8175,1.7863,0.7463,1
71451,1077.812,422.7619,216.5826,72414,301.6194,0.8588,0.9867,0.6405,0.7729,1.952,0.7134,1
79094,1067.391,391.1249,257.9062,79802,317.3415,0.7518,0.9911,0.749,0.8724,1.5165,0.8114,1
56944,910.126,329.9696,221.6791,57727,269.2645,0.7407,0.9864,0.7109,0.8639,1.4885,0.816,1
94685,1284.1,533.1532,227.4718,95896,347.2127,0.9044,0.9874,0.7389,0.7216,2.3438,0.6512,1
72908,1069.877,399.4543,233.6123,73961,304.6791,0.8112,0.9858,0.6915,0.8004,1.7099,0.7627,1
69209,1020.574,395.2678,223.7348,69893,296.8495,0.8244,0.9902,0.7337,0.835,1.7667,0.751,1
76009,1099.029,445.1326,217.9345,76742,311.0911,0.872,0.9904,0.7508,0.7908,2.0425,0.6989,1
85234,1136.952,441.5856,246.7211,86124,329.4287,0.8294,0.9897,0.7038,0.8286,1.7898,0.746,1
73570,1068.206,390.5446,241.3203,74861,306.0592,0.7863,0.9828,0.7499,0.8102,1.6184,0.7837,1
71929,1071.334,415.534,221.5986,72983,302.6266,0.8459,0.9856,0.6978,0.7875,1.8752,0.7283,1
85227,1147.99,439.883,247.3608,85996,329.4152,0.8269,0.9911,0.7211,0.8127,1.7783,0.7489,1
88100,1229.953,486.0166,232.5419,89709,334.9215,0.8781,0.9821,0.722,0.7318,2.09,0.6891,1
99691,1248.727,493.4253,258.1254,100898,356.2731,0.8523,0.988,0.6362,0.8034,1.9116,0.722,1
67728,1067.78,427.9402,204.1123,68603,293.6562,0.8789,0.9872,0.6422,0.7465,2.0966,0.6862,1
74399,1058.165,415.7672,228.3421,75164,307.7787,0.8357,0.9898,0.6612,0.835,1.8208,0.7403,1
82501,1144.368,450.4995,234.0967,83589,324.1042,0.8544,0.987,0.7427,0.7917,1.9244,0.7194,1
88264,1153.333,454.5878,248.8653,89198,335.2331,0.8368,0.9895,0.643,0.8338,1.8266,0.7374,1
57933,904.075,334.1895,222.8754,58748,271.5927,0.7451,0.9861,0.7232,0.8907,1.4994,0.8127,1
84227,1116.774,432.3185,249.1444,85078,327.4769,0.8172,0.99,0.6747,0.8487,1.7352,0.7575,1
63415,944.649,355.4745,227.7657,63956,284.1522,0.7678,0.9915,0.7445,0.893,1.5607,0.7994,1
74091,1072.728,421.2427,225.9795,75124,307.141,0.8439,0.9862,0.6373,0.8091,1.8641,0.7291,1
90880,1166.437,443.1161,262.6359,91957,340.1647,0.8054,0.9883,0.7139,0.8394,1.6872,0.7677,1
105853,1234.626,469.2956,288.6814,106944,367.1188,0.7884,0.9898,0.7311,0.8727,1.6257,0.7823,1
79959,1138.753,447.6662,228.2963,81515,319.072,0.8602,0.9809,0.7373,0.7749,1.9609,0.7127,1
96500,1180.348,447.5833,276.0815,97396,350.5248,0.7871,0.9908,0.7349,0.8704,1.6212,0.7831,1
79015,1065.738,407.9096,247.5904,79705,317.1829,0.7947,0.9913,0.722,0.8742,1.6475,0.7776,1
78423,1100.135,441.6902,227.0228,79209,315.9925,0.8578,0.9901,0.7113,0.8143,1.9456,0.7154,1
79066,1037.362,378.7703,266.5459,79616,317.2853,0.7105,0.9931,0.7801,0.9233,1.421,0.8377,1
58242,908.051,347.5851,214.0792,58711,272.316,0.7878,0.992,0.718,0.8876,1.6236,0.7835,1
84726,1133.008,455.7148,237.8724,85348,328.4456,0.853,0.9927,0.7421,0.8294,1.9158,0.7207,1
77944,1072.146,426.5796,233.7098,78432,315.026,0.8366,0.9938,0.6677,0.8521,1.8253,0.7385,1
87034,1162.092,470.0361,237.0354,88251,332.8891,0.8635,0.9862,0.7623,0.8099,1.983,0.7082,1
87735,1170.768,470.9619,237.9831,88716,334.227,0.8629,0.9889,0.7415,0.8043,1.979,0.7097,1
59905,938.394,364.1592,210.1456,60595,276.1764,0.8167,0.9886,0.753,0.8549,1.7329,0.7584,1
57012,906.564,343.189,213.5493,57758,269.4252,0.7828,0.9871,0.6875,0.8717,1.6071,0.7851,1
86429,1116.46,429.9511,257.0631,87142,331.73,0.8016,0.9918,0.7385,0.8713,1.6726,0.7716,1
95746,1196.392,468.372,260.9647,96617,349.1527,0.8304,0.991,0.7322,0.8406,1.7948,0.7455,1
93850,1199.221,473.8017,253.7194,94937,345.6784,0.8445,0.9886,0.664,0.8201,1.8674,0.7296,1
84985,1117.917,436.4484,248.6851,85688,328.9472,0.8218,0.9918,0.7147,0.8545,1.755,0.7537,1
63711,975.1,382.7031,212.7203,64491,284.8146,0.8313,0.9879,0.6592,0.842,1.7991,0.7442,1
63873,970.898,380.6654,214.3717,64512,285.1765,0.8264,0.9901,0.7402,0.8515,1.7757,0.7492,1
89789,1169.828,461.9005,248.8341,90826,338.1167,0.8425,0.9886,0.7275,0.8245,1.8563,0.732,1
69296,1032.322,415.7028,213.0216,69882,297.036,0.8587,0.9916,0.6516,0.8171,1.9515,0.7145,1
80926,1091.808,422.6966,245.293,81729,320.9956,0.8144,0.9902,0.715,0.8531,1.7232,0.7594,1
72365,1060.962,427.3863,216.2376,73058,303.5424,0.8626,0.9905,0.6331,0.8079,1.9765,0.7102,1
70303,1039.031,418.0061,215.5899,70885,299.1865,0.8567,0.9918,0.6469,0.8183,1.9389,0.7157,1
75768,1072.192,424.6478,228.7744,76658,310.5975,0.8425,0.9884,0.6735,0.8282,1.8562,0.7314,1
74979,1085.879,429.5682,223.2346,76034,308.9761,0.8544,0.9861,0.6791,0.7991,1.9243,0.7193,1
80741,1127.93,456.96,226.8658,81774,320.6285,0.8681,0.9874,0.6942,0.7975,2.0142,0.7017,1
55858,899.532,347.4268,205.9546,56394,266.6845,0.8053,0.9905,0.7083,0.8675,1.6869,0.7676,1
84922,1104.95,419.5984,258.7841,85609,328.8253,0.7872,0.992,0.7147,0.8741,1.6214,0.7837,1
86416,1136.312,442.4914,249.6675,87440,331.7051,0.8256,0.9883,0.6898,0.841,1.7723,0.7496,1
71247,1040.019,410.6162,222.1466,72077,301.1885,0.841,0.9885,0.7013,0.8277,1.8484,0.7335,1
78327,1118.245,456.7791,219.2293,79180,315.799,0.8773,0.9892,0.7283,0.7871,2.0836,0.6914,1
82864,1137.374,455.1352,233.2743,83647,324.8164,0.8587,0.9906,0.7301,0.805,1.9511,0.7137,1
66728,1006.806,400.8477,213.2038,67373,291.4802,0.8468,0.9904,0.7201,0.8272,1.8801,0.7272,1
83862,1122.349,439.5214,243.7425,84730,326.7666,0.8321,0.9898,0.6668,0.8366,1.8032,0.7435,1
75197,1071.949,425.9047,225.5186,75890,309.4249,0.8483,0.9909,0.7417,0.8224,1.8886,0.7265,1
72307,1043.625,408.1583,226.2904,72918,303.4207,0.8322,0.9916,0.6656,0.8343,1.8037,0.7434,1
55879,918.363,353.1879,203.1549,56514,266.7346,0.818,0.9888,0.6792,0.8326,1.7385,0.7552,1
67879,999.949,378.0646,230.2247,68541,293.9834,0.7932,0.9903,0.7413,0.8531,1.6422,0.7776,1
78351,1106.408,437.9891,228.2666,79359,315.8474,0.8535,0.9873,0.7448,0.8043,1.9188,0.7211,1
73178,1032.155,398.0622,234.7812,73831,305.2427,0.8075,0.9912,0.6897,0.8632,1.6955,0.7668,1
71802,1033.31,390.4901,235.1907,72633,302.3593,0.7983,0.9886,0.7201,0.8451,1.6603,0.7743,1
91385,1167.894,457.4622,255.104,92482,341.1085,0.8301,0.9881,0.7187,0.8419,1.7932,0.7457,1
84810,1213.226,505.6155,214.8625,86020,328.6083,0.9052,0.9859,0.5465,0.7241,2.3532,0.6499,1
86159,1153.708,444.88,248.0075,87338,331.2115,0.8302,0.9865,0.6673,0.8134,1.7938,0.7445,1
70809,1046.808,410.0354,220.7203,71756,300.2613,0.8428,0.9868,0.716,0.812,1.8577,0.7323,1
100266,1207.936,456.8741,279.9331,101252,357.2991,0.7903,0.9903,0.7079,0.8635,1.6321,0.7821,1
75143,1032.369,397.2112,241.3828,75724,309.3138,0.7942,0.9923,0.7404,0.886,1.6456,0.7787,1
59729,935.054,351.2843,217.6438,60476,275.7704,0.7849,0.9876,0.7135,0.8585,1.614,0.785,1
64253,984.319,389.2851,211.2346,65069,286.0235,0.84,0.9875,0.7335,0.8334,1.8429,0.7347,1
87044,1125.883,423.9326,262.8633,87868,332.9082,0.7846,0.9906,0.7154,0.8629,1.6127,0.7853,1
75453,1078.559,420.1831,229.6281,76491,309.9512,0.8375,0.9864,0.6545,0.8151,1.8298,0.7377,1
72370,1055.123,418.4959,221.098,73405,303.5529,0.849,0.9859,0.6399,0.8169,1.8928,0.7253,1
88653,1119.885,420.8444,269.7345,89471,335.971,0.7676,0.9909,0.713,0.8883,1.5602,0.7983,1
91690,1168.462,454.0266,257.9016,92579,341.6772,0.823,0.9904,0.7159,0.8439,1.7605,0.7525,1
97938,1198.163,467.8307,268.0749,98900,353.1268,0.8195,0.9903,0.6757,0.8573,1.7451,0.7548,1
103519,1246.477,484.0384,273.0449,104591,363.0489,0.8257,0.9898,0.6862,0.8373,1.7727,0.75,1
84348,1115.329,439.8464,244.5711,85024,327.7121,0.8312,0.992,0.7289,0.8521,1.7984,0.7451,1
65624,995.299,393.2899,213.1205,66348,289.0589,0.8404,0.9891,0.7567,0.8325,1.8454,0.735,1
102990,1288.831,517.1858,254.9975,104350,362.1201,0.87,0.987,0.6066,0.7791,2.0282,0.7002,1
80153,1097.812,438.9092,233.091,80755,319.4589,0.8473,0.9925,0.6956,0.8357,1.883,0.7278,1
72800,1039.773,412.7664,225.1811,73462,304.4533,0.8381,0.991,0.6741,0.8462,1.833,0.7376,1
92713,1204.684,485.3214,244.3846,93717,343.578,0.864,0.9893,0.7466,0.8028,1.9859,0.7079,1
74371,1093.658,443.5495,215.2343,75380,307.7208,0.8744,0.9866,0.7153,0.7814,2.0608,0.6938,1
74028,1063.29,422.672,224.2771,74635,307.0104,0.8476,0.9919,0.7244,0.8228,1.8846,0.7264,1
73470,1048.552,419.0216,223.7531,74086,305.8511,0.8455,0.9917,0.7423,0.8397,1.8727,0.7299,1
72864,1032.774,399.5462,232.9642,73463,304.5871,0.8124,0.9918,0.7046,0.8584,1.7151,0.7623,1
98628,1204.172,460.7255,273.9251,99602,354.3686,0.8041,0.9902,0.7212,0.8547,1.6819,0.7692,1
62557,985.763,400.6863,199.0946,63163,282.2234,0.8678,0.9904,0.6115,0.809,2.0125,0.7044,1
76848,1042.813,393.8825,248.8834,77474,312.8033,0.7751,0.9919,0.7518,0.888,1.5826,0.7942,1
80184,1083.688,422.7077,242.2911,80947,319.5206,0.8194,0.9906,0.7315,0.858,1.7446,0.7559,1
71962,1062.117,422.1195,218.8709,72590,302.696,0.8551,0.9913,0.7131,0.8016,1.9286,0.7171,1
91158,1164.478,456.3653,254.9854,91932,340.6846,0.8293,0.9916,0.6796,0.8448,1.7898,0.7465,1
73288,1020.899,385.1922,243.4684,74070,305.4721,0.7749,0.9894,0.7388,0.8836,1.5821,0.793,1
59113,921.904,356.5915,211.5919,59565,274.3447,0.8049,0.9924,0.726,0.874,1.6853,0.7694,1
90489,1180.429,468.9082,247.2828,91352,339.4321,0.8496,0.9906,0.7195,0.8161,1.8962,0.7239,1
87843,1149.763,454.6367,248.0094,88895,334.4326,0.8381,0.9882,0.7319,0.835,1.8331,0.7356,1
95725,1212.273,480.4405,255.9378,96842,349.1144,0.8463,0.9885,0.6826,0.8185,1.8772,0.7267,1
79055,1102.701,441.6971,229.0911,79810,317.2632,0.855,0.9905,0.6296,0.817,1.928,0.7183,1
83607,1129.057,443.0737,241.0962,84452,326.2694,0.839,0.99,0.694,0.8242,1.8377,0.7364,1
74217,1086.718,425.3621,222.5791,75044,307.402,0.8522,0.989,0.7426,0.7897,1.9111,0.7227,1
84099,1156.965,469.0068,230.2194,84751,327.228,0.8712,0.9923,0.721,0.7895,2.0372,0.6977,1
74717,1094.608,440.8381,216.1998,75451,308.4358,0.8715,0.9903,0.7234,0.7836,2.039,0.6997,1
72433,1082.509,440.8155,210.3908,73140,303.685,0.8788,0.9903,0.7269,0.7768,2.0952,0.6889,1
64691,994.607,388.4194,213.5622,65473,286.9968,0.8353,0.9881,0.6945,0.8218,1.8188,0.7389,1
70357,1021.863,402.984,222.6195,70876,299.3014,0.8336,0.9927,0.7653,0.8467,1.8102,0.7427,1
70648,1083.971,446.422,202.218,71749,299.9197,0.8915,0.9847,0.5765,0.7556,2.2076,0.6718,1
101604,1218.636,467.8848,277.03,102438,359.6752,0.8059,0.9919,0.7538,0.8598,1.6889,0.7687,1
82225,1072.577,392.3595,267.3696,82951,323.5616,0.7319,0.9912,0.748,0.8982,1.4675,0.8247,1
90332,1164.363,452.3181,255.2347,91395,339.1375,0.8256,0.9884,0.6711,0.8373,1.7722,0.7498,1
77669,1061.19,400.9049,248.0882,78499,314.4698,0.7855,0.9894,0.7328,0.8667,1.616,0.7844,1
82714,1110.892,424.8677,249.006,83533,324.5223,0.8103,0.9902,0.7393,0.8423,1.7063,0.7638,1
90502,1156.473,441.8533,261.7291,91383,339.4565,0.8057,0.9904,0.702,0.8503,1.6882,0.7683,1
96554,1214.057,475.0486,259.6984,97465,350.6228,0.8373,0.9907,0.6654,0.8232,1.8292,0.7381,1
64911,987.247,388.9481,213.654,65609,287.4844,0.8356,0.9894,0.7344,0.8369,1.8205,0.7391,1
67668,1007.845,391.7248,220.5169,68367,293.5261,0.8265,0.9898,0.7481,0.8372,1.7764,0.7493,1
68713,1027.706,401.2474,218.9231,69503,295.7839,0.838,0.9886,0.6857,0.8175,1.8328,0.7372,1
92239,1213.792,484.2714,245.4672,93341,342.6986,0.862,0.9882,0.6955,0.7867,1.9729,0.7077,1
68104,1023.06,387.1017,225.8398,68988,294.4702,0.8122,0.9872,0.7431,0.8177,1.7141,0.7607,1
74990,1086.548,439.5231,217.9033,75772,308.9988,0.8685,0.9897,0.6735,0.7982,2.0171,0.703,1
82106,1118.251,449.4076,232.938,82725,323.3274,0.8552,0.9925,0.7631,0.8251,1.9293,0.7195,1
92227,1205.53,481.6156,245.7167,93202,342.6763,0.8601,0.9895,0.702,0.7975,1.96,0.7115,1
86344,1164.476,472.9563,233.3873,87249,331.5669,0.8698,0.9896,0.7207,0.8002,2.0265,0.7011,1
84930,1124.789,436.0889,248.9411,85806,328.8407,0.8211,0.9898,0.6729,0.8436,1.7518,0.7541,1
84565,1178.591,485.3229,224.5235,85993,328.1334,0.8866,0.9834,0.7316,0.765,2.1616,0.6761,1
78479,1080.805,406.187,247.5426,79498,316.1053,0.7928,0.9872,0.7021,0.8442,1.6409,0.7782,1
75821,1047.356,405.7418,238.5428,76475,310.7061,0.8089,0.9914,0.729,0.8686,1.7009,0.7658,1
65594,1017.748,408.5607,205.4268,66341,288.9929,0.8644,0.9887,0.6633,0.7958,1.9888,0.7073,1
66242,994.029,388.0023,218.341,67004,290.4168,0.8266,0.9886,0.6813,0.8425,1.777,0.7485,1
65981,959.577,355.6746,236.8399,66749,289.8441,0.7461,0.9885,0.744,0.9005,1.5018,0.8149,1
72410,1007.458,379.7803,243.4289,73020,303.6367,0.7676,0.9916,0.7514,0.8965,1.5601,0.7995,1
88750,1120.577,422.0802,269.0306,89741,336.1547,0.7705,0.989,0.7334,0.8882,1.5689,0.7964,1
57041,914.675,346.6923,210.9707,57939,269.4937,0.7935,0.9845,0.7147,0.8568,1.6433,0.7773,1
87086,1154.444,453.3588,245.4135,87893,332.9885,0.8408,0.9908,0.7198,0.8211,1.8473,0.7345,1
73040,1027.641,391.2823,239.0666,73870,304.9548,0.7916,0.9888,0.7315,0.8691,1.6367,0.7794,1
73152,1065.501,423.9322,220.7345,73949,305.1885,0.8537,0.9892,0.6218,0.8097,1.9206,0.7199,1
69181,998.679,383.5814,231.0066,69895,296.7895,0.7983,0.9898,0.724,0.8717,1.6605,0.7737,1
69547,1034.51,403.8535,221.697,70769,297.5735,0.8359,0.9827,0.709,0.8166,1.8216,0.7368,1
76356,1052.424,397.6275,246.8013,77341,311.8004,0.7841,0.9873,0.6886,0.8663,1.6111,0.7842,1
71191,1013.243,393.348,231.2788,71813,301.0701,0.8089,0.9913,0.681,0.8714,1.7008,0.7654,1
61589,989.151,389.2343,203.103,62939,280.0313,0.8531,0.9786,0.6249,0.791,1.9164,0.7194,1
96802,1217.707,488.0411,253.2319,97548,351.0728,0.8549,0.9924,0.6758,0.8204,1.9273,0.7194,1
80207,1100.06,426.8217,239.917,81076,319.5665,0.8271,0.9893,0.7297,0.8329,1.779,0.7487,1
79661,1129.335,444.1217,230.4431,80966,318.4769,0.8549,0.9839,0.7094,0.7849,1.9273,0.7171,1
85778,1159.584,434.1433,255.1073,87489,330.4784,0.8091,0.9804,0.6642,0.8016,1.7018,0.7612,1
91162,1195.957,479.1129,242.9588,92074,340.692,0.8619,0.9901,0.6405,0.8009,1.972,0.7111,1
84130,1126.564,447.3685,241.2191,84737,327.2883,0.8422,0.9928,0.7539,0.833,1.8546,0.7316,1
71468,1032.146,405.0498,226.059,72145,301.6552,0.8298,0.9906,0.7124,0.843,1.7918,0.7447,1
85968,1168.743,479.1606,229.2326,87008,330.8442,0.8781,0.988,0.7495,0.7909,2.0903,0.6905,1
75155,1060.383,420.5042,228.5685,75805,309.3385,0.8394,0.9914,0.6503,0.8399,1.8397,0.7356,1
85845,1146.836,448.2873,246.6565,86787,330.6074,0.835,0.9891,0.6854,0.8202,1.8175,0.7375,1
103124,1266.602,512.6586,257.3235,104002,362.3556,0.8649,0.9916,0.6457,0.8078,1.9923,0.7068,1
82804,1112.392,434.9627,243.2643,83603,324.6988,0.829,0.9904,0.6944,0.8409,1.788,0.7465,1
102947,1272.418,485.8772,271.2635,104560,362.0445,0.8296,0.9846,0.6668,0.799,1.7912,0.7451,1
72519,1041.227,413.2742,224.0976,73130,303.8652,0.8402,0.9916,0.6903,0.8406,1.8442,0.7353,1
90535,1163.806,450.5074,258.1205,91927,339.5184,0.8196,0.9849,0.7492,0.84,1.7453,0.7536,1
83512,1077.152,405.1468,262.808,84085,326.084,0.7611,0.9932,0.761,0.9045,1.5416,0.8049,1
87169,1142.486,438.4773,254.6321,87929,333.1471,0.8141,0.9914,0.7317,0.8392,1.722,0.7598,1
75885,1061.518,410.0357,236.9251,76562,310.8372,0.8162,0.9912,0.7507,0.8463,1.7307,0.7581,1
86861,1111.035,416.7871,266.8787,87868,332.5581,0.7681,0.9885,0.7148,0.8843,1.5617,0.7979,1
95914,1203.477,468.41,269.2576,98178,349.4589,0.8183,0.9769,0.7389,0.8322,1.7396,0.7461,1
73662,1050.083,407.465,231.4105,74267,306.2505,0.8231,0.9919,0.6834,0.8395,1.7608,0.7516,1
75340,1051.106,396.5665,242.821,76130,309.719,0.7906,0.9896,0.7423,0.8569,1.6332,0.781,1
71306,1059.476,416.1416,219.5131,72049,301.3132,0.8496,0.9897,0.7258,0.7983,1.8957,0.7241,1
78249,1094.307,422.0653,239.7967,79377,315.6418,0.8229,0.9858,0.6689,0.8211,1.7601,0.7479,1
85386,1138.193,438.2698,248.8453,86282,329.7224,0.8232,0.9896,0.7093,0.8283,1.7612,0.7523,1
81531,1145.799,458.4715,227.7827,82479,322.1933,0.8678,0.9885,0.769,0.7804,2.0128,0.7028,1
80105,1128.587,452.3831,225.9261,80976,319.3632,0.8664,0.9892,0.6118,0.7903,2.0023,0.706,1
63117,991.853,398.9717,202.2415,63647,283.4838,0.862,0.9917,0.6982,0.8062,1.9727,0.7105,1
75824,1079.873,424.3345,228.5296,76700,310.7123,0.8426,0.9886,0.6445,0.8171,1.8568,0.7322,1
82959,1137.98,454.3305,234.7716,83835,325.0026,0.8561,0.9896,0.6897,0.805,1.9352,0.7153,1
70952,1060.149,422.9132,214.1723,71667,300.5643,0.8623,0.99,0.6304,0.7933,1.9746,0.7107,1
71503,1050.588,416.378,220.4251,72468,301.7291,0.8484,0.9867,0.7139,0.8141,1.889,0.7247,1
98177,1266.068,510.2399,246.4307,99550,353.5574,0.8756,0.9862,0.6241,0.7697,2.0705,0.6929,1
89393,1161.557,445.7125,258.2717,90729,337.3703,0.815,0.9853,0.6795,0.8326,1.7258,0.7569,1
99852,1253.105,505.2826,252.7822,100725,356.5607,0.8659,0.9913,0.7317,0.7991,1.9989,0.7057,1
92541,1171.761,464.0699,254.9294,93348,343.2592,0.8356,0.9914,0.7325,0.847,1.8204,0.7397,1
71747,1039.348,410.1917,223.386,72431,302.2435,0.8387,0.9906,0.7445,0.8346,1.8362,0.7368,1
66407,981.3,371.4689,228.8727,67132,290.7783,0.7876,0.9892,0.7156,0.8666,1.623,0.7828,1
76030,1092.939,436.158,222.7669,77151,311.1341,0.8597,0.9855,0.7068,0.7998,1.9579,0.7134,1
75106,1102.149,454.7031,211.1795,75851,309.2377,0.8856,0.9902,0.7586,0.777,2.1532,0.6801,1
66709,1015.323,405.1613,211.1542,67431,291.4387,0.8535,0.9893,0.7179,0.8132,1.9188,0.7193,1
67568,987.231,381.756,226.3355,68124,293.3091,0.8053,0.9918,0.7385,0.8712,1.6867,0.7683,1
66198,1011.865,415.459,203.5113,66773,290.3204,0.8718,0.9914,0.6375,0.8125,2.0415,0.6988,1
65804,992.989,387.2009,218.3521,66911,289.4551,0.8258,0.9835,0.6548,0.8386,1.7733,0.7476,1
70573,1014.861,392.7862,229.9605,71377,299.7605,0.8107,0.9887,0.6793,0.8611,1.7081,0.7632,1
74431,1046.008,408.087,232.7185,75075,307.8449,0.8215,0.9914,0.6733,0.8549,1.7536,0.7544,1
94983,1198.26,477.5088,253.8058,95906,347.7587,0.847,0.9904,0.7302,0.8313,1.8814,0.7283,1
85899,1126.533,442.4507,247.9813,86772,330.7114,0.8282,0.9899,0.7253,0.8506,1.7842,0.7475,1
75537,1045.775,400.8564,240.3548,76235,310.1237,0.8003,0.9908,0.7054,0.8679,1.6678,0.7737,1
67164,1004.562,396.569,217.0065,68319,292.431,0.837,0.9831,0.7459,0.8364,1.8275,0.7374,1
79843,1096.676,432.0034,237.4613,80638,318.8405,0.8354,0.9901,0.744,0.8342,1.8193,0.7381,1
70636,1008.081,392.4988,230.015,71177,299.8942,0.8103,0.9924,0.7322,0.8735,1.7064,0.7641,1
71039,1035.87,409.6003,221.5682,71766,300.7485,0.8411,0.9899,0.7108,0.8319,1.8486,0.7342,1
93623,1185.85,466.5363,256.6827,94492,345.2601,0.835,0.9908,0.6723,0.8366,1.8176,0.74,1
78407,1107.222,444.5431,226.3231,79262,315.9603,0.8607,0.9892,0.717,0.8037,1.9642,0.7108,1
67146,1022.85,409.7415,209.5989,67903,292.3918,0.8593,0.9889,0.677,0.8065,1.9549,0.7136,1
69843,1026.683,408.7731,218.365,70810,298.2061,0.8454,0.9863,0.64,0.8326,1.872,0.7295,1
69874,1030.884,414.5119,215.2024,70445,298.2723,0.8547,0.9919,0.6334,0.8262,1.9261,0.7196,1
88968,1147.059,455.4718,249.3383,89671,336.5673,0.8369,0.9922,0.7439,0.8497,1.8267,0.7389,1
70074,1049.738,417.4645,215.1693,70814,298.6988,0.8569,0.9896,0.6325,0.7991,1.9402,0.7155,1
72007,1067.726,429.3661,214.5378,72908,302.7906,0.8662,0.9876,0.6383,0.7937,2.0014,0.7052,1
76663,1072.66,417.3221,235.3982,77341,312.4266,0.8257,0.9912,0.7342,0.8373,1.7728,0.7486,1
72119,1027.928,403.8373,227.9709,72707,303.026,0.8254,0.9919,0.7445,0.8577,1.7714,0.7504,1
75967,1118.878,424.7328,232.8153,78044,311.0051,0.8364,0.9734,0.7621,0.7626,1.8243,0.7322,1
61873,973.254,387.6402,204.9219,62570,280.6762,0.8488,0.9889,0.7289,0.8208,1.8916,0.7241,1
69992,1057.088,434.2594,205.9645,70637,298.524,0.8804,0.9909,0.6912,0.7871,2.1084,0.6874,1
89971,1200.44,484.5063,237.9459,91511,338.4592,0.8711,0.9832,0.6071,0.7846,2.0362,0.6986,1
70452,1030.873,406.2796,222.2445,71301,299.5034,0.8371,0.9881,0.6972,0.8331,1.8281,0.7372,1
83848,1108.646,431.2462,248.8118,84456,326.7393,0.8168,0.9928,0.7117,0.8573,1.7332,0.7577,1
61726,975.93,387.5365,203.772,62541,280.3426,0.8506,0.987,0.7553,0.8144,1.9018,0.7234,1
90393,1191.564,476.4243,242.591,91357,339.252,0.8607,0.9894,0.6248,0.8,1.9639,0.7121,1
86521,1192.182,485.0309,229.319,87686,331.9066,0.8812,0.9867,0.6964,0.765,2.1151,0.6843,1
86271,1103.9,413.2415,266.7061,87011,331.4267,0.7638,0.9915,0.7407,0.8896,1.5494,0.802,1
71362,1049.755,414.9604,219.8383,72526,301.4315,0.8481,0.984,0.6529,0.8138,1.8876,0.7264,1
79564,1111.074,433.5245,234.7559,80291,318.2829,0.8407,0.9909,0.7274,0.8099,1.8467,0.7342,1
79558,1134.31,452.8789,224.1003,80460,318.2709,0.869,0.9888,0.7376,0.777,2.0209,0.7028,1
66922,988.42,376.4136,227.9987,67537,291.9036,0.7957,0.9909,0.7121,0.8608,1.6509,0.7755,1
64970,1003.365,395.6425,211.4287,65720,287.615,0.8452,0.9886,0.7153,0.811,1.8713,0.727,1
58234,928.795,361.4551,206.0084,58772,272.2973,0.8217,0.9908,0.6884,0.8483,1.7546,0.7533,1
65694,1039.506,348.0645,243.978,67364,289.2131,0.7132,0.9752,0.693,0.764,1.4266,0.8309,1
80760,1110.025,432.0108,238.3009,81503,320.6662,0.8341,0.9909,0.6636,0.8236,1.8129,0.7423,1
66692,988.604,380.9275,224.1739,67373,291.4016,0.8085,0.9899,0.7302,0.8575,1.6993,0.765,1
79906,1118.411,429.4565,237.9886,80912,318.9663,0.8324,0.9876,0.6869,0.8028,1.8045,0.7427,1
69701,1011.576,387.5061,230.4676,70533,297.9028,0.8039,0.9882,0.7647,0.856,1.6814,0.7688,1
67155,983.199,367.0278,233.8553,67762,292.4114,0.7707,0.991,0.7756,0.873,1.5695,0.7967,1
85833,1115.847,428.6831,255.5393,86492,330.5843,0.8029,0.9924,0.7468,0.8663,1.6776,0.7712,1
102083,1227.894,470.3148,277.6607,103009,360.522,0.8071,0.991,0.7005,0.8508,1.6938,0.7666,1
66104,1040.25,425.5992,199.0564,66778,290.1142,0.8839,0.9899,0.6922,0.7676,2.1381,0.6817,1
58555,928.778,357.5607,210.1878,59384,273.0468,0.809,0.986,0.6839,0.853,1.7011,0.7636,1
81583,1115.162,447.6351,232.6595,82271,322.296,0.8543,0.9916,0.7428,0.8244,1.924,0.72,1
78665,1062.745,403.3284,249.6417,79463,316.4797,0.7854,0.99,0.7477,0.8753,1.6156,0.7847,1
88078,1120.597,425.8628,264.2496,88802,334.8797,0.7842,0.9918,0.7441,0.8814,1.6116,0.7864,1
69230,1034.131,409.9227,217.9278,70017,296.8945,0.847,0.9888,0.7276,0.8135,1.881,0.7243,1
83307,1174.366,482.5423,221.9604,84446,325.6835,0.8879,0.9865,0.7217,0.7591,2.174,0.6749,1
83831,1129.098,440.2412,243.5967,84587,326.7062,0.833,0.9911,0.6637,0.8263,1.8073,0.7421,1
104098,1232.895,468.9325,283.6828,105200,364.0628,0.7963,0.9895,0.705,0.8606,1.653,0.7764,1
73241,1016.409,384.3956,244.0753,73821,305.3741,0.7725,0.9921,0.7141,0.8909,1.5749,0.7944,1
71533,1014.49,389.4194,234.4829,72053,301.7924,0.7984,0.9928,0.7249,0.8734,1.6608,0.775,1
76809,1106.815,450.0162,218.3582,78095,312.7239,0.8744,0.9835,0.747,0.7879,2.0609,0.6949,1
71193,1015.746,390.9275,233.2664,71765,301.0743,0.8025,0.992,0.6939,0.8671,1.6759,0.7702,1
93586,1195.422,467.2541,255.8339,94683,345.1918,0.8368,0.9884,0.7235,0.823,1.8264,0.7388,1
74735,1088.097,450.2176,212.0164,75369,308.4729,0.8822,0.9916,0.7742,0.7932,2.1235,0.6852,1
75519,1091.496,439.4406,219.8421,76357,310.0867,0.8659,0.989,0.6364,0.7966,1.9989,0.7056,1
65627,974.981,378.4164,221.508,66278,289.0655,0.8108,0.9902,0.7476,0.8676,1.7084,0.7639,1
80397,1136.232,438.6483,234.1595,81828,319.9447,0.8456,0.9825,0.6895,0.7826,1.8733,0.7294,1
88901,1130.148,435.9188,260.4888,89632,336.4406,0.8018,0.9918,0.7272,0.8747,1.6735,0.7718,1
96992,1232.224,485.8869,255.2934,98214,351.4172,0.8508,0.9876,0.7138,0.8027,1.9032,0.7232,1
66755,978.902,372.6831,228.9288,67308,291.5392,0.7891,0.9918,0.7326,0.8754,1.6279,0.7823,1
68916,990.746,373.5179,236.5496,69497,296.2205,0.7739,0.9916,0.7313,0.8823,1.579,0.7931,1
81094,1145.03,475.3533,218.0615,81833,321.3286,0.8886,0.991,0.5881,0.7773,2.1799,0.676,1
62146,953.709,373.0999,212.9458,62810,281.2948,0.8211,0.9894,0.7473,0.8586,1.7521,0.7539,1
71614,1054.809,424.3977,215.7107,72302,301.9632,0.8612,0.9905,0.6183,0.8088,1.9674,0.7115,1
67437,1014.144,405.0178,213.6599,68094,293.0247,0.8495,0.9904,0.6643,0.824,1.8956,0.7235,1
77240,1050.233,395.1349,250.365,77916,313.6001,0.7736,0.9913,0.7343,0.88,1.5782,0.7937,1
64346,982.128,385.7231,213.6288,65000,286.2305,0.8326,0.9899,0.7272,0.8383,1.8056,0.7421,1
73864,1047.138,411.1656,229.4863,74691,306.6701,0.8297,0.9889,0.7506,0.8465,1.7917,0.7459,1
72540,1058.48,418.1253,222.1184,73637,303.9092,0.8472,0.9851,0.6394,0.8136,1.8824,0.7268,1
84484,1144.337,448.2374,242.6751,86046,327.9762,0.8408,0.9818,0.7272,0.8107,1.8471,0.7317,1
84614,1124.773,442.5786,244.3072,85361,328.2284,0.8338,0.9912,0.6707,0.8405,1.8116,0.7416,1
68156,1064.093,387.2451,225.5328,69811,294.5826,0.8129,0.9763,0.6553,0.7564,1.717,0.7607,1
66790,1011.459,401.4706,212.6615,67557,291.6156,0.8482,0.9886,0.7465,0.8204,1.8878,0.7264,1
68076,984.754,356.6101,244.7813,69002,294.4097,0.7272,0.9866,0.7391,0.8822,1.4569,0.8256,1
63644,956.977,368.403,220.4135,64256,284.6648,0.8013,0.9905,0.7504,0.8733,1.6714,0.7727,1
106959,1279.886,499.1699,274.9254,108018,369.0317,0.8347,0.9902,0.7313,0.8205,1.8157,0.7393,1
71362,1059.676,423.9298,215.4216,72505,301.4315,0.8613,0.9842,0.7118,0.7986,1.9679,0.711,1
61771,961.85,378.1497,208.5257,62330,280.4448,0.8342,0.991,0.6687,0.839,1.8134,0.7416,1
93169,1219.999,487.4302,245.1968,94394,344.4219,0.8643,0.987,0.7293,0.7866,1.9879,0.7066,1
105158,1271.152,490.9413,273.8355,106080,365.9116,0.83,0.9913,0.6976,0.8178,1.7928,0.7453,1
88750,1146.01,440.0256,257.7037,89450,336.1547,0.8106,0.9922,0.7262,0.8492,1.7075,0.7639,1
61627,953.866,367.6871,214.4253,62333,280.1177,0.8123,0.9887,0.753,0.8512,1.7148,0.7618,1
67306,998.616,375.0199,229.2614,68240,292.7399,0.7914,0.9863,0.6897,0.8481,1.6358,0.7806,1
73972,1082.562,431.518,219.077,75032,306.8942,0.8615,0.9859,0.6127,0.7932,1.9697,0.7112,1
65388,984.962,385.8947,216.5011,66018,288.5387,0.8278,0.9905,0.7463,0.847,1.7824,0.7477,1
61584,996.6,398.9668,198.1386,62692,280.02,0.868,0.9823,0.6486,0.7792,2.0136,0.7019,1
77905,1038.548,371.9293,267.6285,78770,314.9472,0.6944,0.989,0.7455,0.9077,1.3897,0.8468,1
82133,1153.061,444.589,235.6439,83220,323.3806,0.848,0.9869,0.7324,0.7763,1.8867,0.7274,1
95029,1182.327,445.366,273.9151,95885,347.8429,0.7885,0.9911,0.6947,0.8543,1.6259,0.781,1
78148,1058.412,399.5385,250.0895,78916,315.438,0.7799,0.9903,0.7417,0.8766,1.5976,0.7895,1
103042,1223.292,455.1749,289.9712,104062,362.2115,0.7708,0.9902,0.7566,0.8653,1.5697,0.7958,1
68506,1003.804,386.3475,226.9065,69259,295.338,0.8094,0.9891,0.7349,0.8544,1.7027,0.7644,1
85592,1149.044,460.0186,237.8423,86307,330.1199,0.856,0.9917,0.7231,0.8146,1.9341,0.7176,1
72637,1021.445,398.5861,232.6127,73209,304.1123,0.812,0.9922,0.7424,0.8749,1.7135,0.763,1
76078,1062.613,417.1863,232.994,76852,311.2323,0.8295,0.9899,0.7133,0.8467,1.7905,0.746,1
86012,1120.919,436.3853,251.6692,86654,330.9288,0.8169,0.9926,0.7278,0.8602,1.734,0.7583,1
80481,1105.159,440.6685,233.3747,81334,320.1118,0.8483,0.9895,0.6674,0.828,1.8882,0.7264,1
86298,1129.951,433.9604,253.8851,87075,331.4785,0.811,0.9911,0.7248,0.8494,1.7093,0.7638,1
78819,1074.629,426.057,235.9133,79437,316.7893,0.8327,0.9922,0.7543,0.8577,1.806,0.7435,1
83237,1093.642,427.6975,248.6075,83744,325.5467,0.8137,0.9939,0.75,0.8745,1.7204,0.7612,1
74041,1062.649,427.9002,221.4662,74848,307.0373,0.8556,0.9892,0.662,0.824,1.9321,0.7175,1
73257,1020.328,395.4755,236.6376,73807,305.4074,0.8012,0.9925,0.7799,0.8843,1.6712,0.7723,1
82405,1136.967,459.9338,228.809,83195,323.9156,0.8675,0.9905,0.6344,0.8011,2.0101,0.7043,1
70087,1004.981,389.6974,229.8159,70788,298.7265,0.8076,0.9901,0.6869,0.872,1.6957,0.7666,1
73959,1040.053,407.3151,232.3795,74636,306.8673,0.8213,0.9909,0.7264,0.8592,1.7528,0.7534,1
76930,1063.152,417.3471,235.203,77536,312.9702,0.8261,0.9922,0.6703,0.8553,1.7744,0.7499,1
75110,1061.797,417.4273,231.0868,76105,309.2459,0.8328,0.9869,0.6705,0.8372,1.8064,0.7408,1
69132,961.531,342.3836,257.6274,69616,296.6843,0.6586,0.993,0.7391,0.9396,1.329,0.8665,1
70905,996.609,384.2029,235.728,71369,300.4647,0.7897,0.9935,0.7182,0.8971,1.6299,0.782,1
95150,1243.634,513.2519,239.3845,96438,348.0643,0.8846,0.9866,0.7451,0.7731,2.144,0.6782,1
72109,1031.801,414.9175,221.8285,72725,303.005,0.8451,0.9915,0.6819,0.8512,1.8704,0.7303,1
64916,985.065,390.7908,212.0772,65486,287.4954,0.8399,0.9913,0.6486,0.8407,1.8427,0.7357,1
83314,1125.578,446.3463,239.785,84208,325.6972,0.8434,0.9894,0.6441,0.8264,1.8614,0.7297,1
96327,1179.48,453.4745,271.2626,97246,350.2104,0.8014,0.9905,0.7393,0.8701,1.6717,0.7723,1
67355,986.926,382.8355,225.5858,67861,292.8465,0.808,0.9925,0.6984,0.869,1.6971,0.7649,1
69297,1023.18,403.6807,219.3176,70009,297.0382,0.8395,0.9898,0.7112,0.8318,1.8406,0.7358,1
104535,1259.321,501.9452,266.6191,105577,364.8261,0.8473,0.9901,0.7189,0.8283,1.8826,0.7268,1
82798,1110.093,436.5554,242.3814,83578,324.6871,0.8317,0.9907,0.6954,0.8443,1.8011,0.7437,1
76840,1087.252,424.9793,232.0255,77894,312.787,0.8378,0.9865,0.6582,0.8168,1.8316,0.736,1
69924,1006.757,388.4735,229.6952,70530,298.379,0.8065,0.9914,0.7286,0.8669,1.6913,0.7681,1
68275,1023.719,413.0049,211.0384,68876,294.8397,0.8596,0.9913,0.7134,0.8187,1.957,0.7139,1
63011,961.163,371.5589,216.594,63511,283.2456,0.8125,0.9921,0.7301,0.8571,1.7155,0.7623,1
86209,1112.009,415.7849,265.0808,87212,331.3076,0.7704,0.9885,0.7305,0.8761,1.5685,0.7968,1
75039,1123.468,453.2528,213.6238,76007,309.0997,0.882,0.9873,0.7464,0.7471,2.1217,0.682,1
68249,1031.968,415.3918,210.5805,68853,294.7835,0.862,0.9912,0.6296,0.8053,1.9726,0.7097,1
75716,1064.63,427.7998,225.9345,76238,310.4909,0.8492,0.9932,0.7441,0.8395,1.8935,0.7258,1
83911,1124.358,438.4762,244.9962,84745,326.8621,0.8293,0.9902,0.6836,0.8341,1.7897,0.7454,1
65317,968.895,371.1606,224.4779,65905,288.382,0.7964,0.9911,0.7614,0.8743,1.6534,0.777,1
60409,988.186,406.4673,190.2431,61098,277.3358,0.8837,0.9887,0.733,0.7774,2.1366,0.6823,1
65102,997.98,393.1779,211.91,65791,287.907,0.8423,0.9895,0.7325,0.8214,1.8554,0.7323,1
75648,1105.071,383.842,251.522,76498,310.3515,0.7554,0.9889,0.7518,0.7784,1.5261,0.8085,1
58889,952.727,372.017,203.4572,59534,273.8244,0.8372,0.9892,0.6779,0.8153,1.8285,0.7361,1
101872,1235.253,480.9564,270.7833,102668,360.1492,0.8264,0.9922,0.68,0.839,1.7762,0.7488,1
71905,1055.36,411.1628,224.5878,72726,302.5761,0.8376,0.9887,0.6479,0.8113,1.8307,0.7359,1
88424,1180.575,471.6906,240.0099,89586,335.5368,0.8609,0.987,0.7394,0.7972,1.9653,0.7113,1
102978,1247.198,487.191,270.436,104151,362.099,0.8318,0.9887,0.668,0.8319,1.8015,0.7432,1
70464,1028.705,406.3263,222.3346,71028,299.5289,0.837,0.9921,0.7154,0.8367,1.8275,0.7372,1
99386,1228.03,485.8489,261.2015,100357,355.7277,0.8432,0.9903,0.6394,0.8282,1.8601,0.7322,1
74353,1046.388,409.5914,231.9224,75034,307.6836,0.8242,0.9909,0.7071,0.8533,1.7661,0.7512,1
72566,1030.822,401.7252,230.4493,73117,303.9637,0.8191,0.9925,0.7393,0.8582,1.7432,0.7566,1
66174,985.089,366.4961,231.7714,66931,290.2677,0.7746,0.9887,0.6892,0.8569,1.5813,0.792,1
78483,1129.938,462.3931,217.1938,79325,316.1134,0.8828,0.9894,0.593,0.7725,2.1289,0.6836,1
78888,1198.946,393.6267,258.0186,80294,316.9279,0.7552,0.9825,0.7368,0.6896,1.5256,0.8051,1
69453,1010.882,399.3289,221.7379,70048,297.3723,0.8317,0.9915,0.7607,0.8541,1.8009,0.7447,1
67969,1007.37,395.9871,221.2116,68463,294.1782,0.8294,0.9928,0.7404,0.8417,1.7901,0.7429,1
81893,1127.301,441.5179,237.5255,83087,322.9077,0.843,0.9856,0.7181,0.8098,1.8588,0.7314,1
77054,1096.298,439.6744,224.2773,77705,313.2223,0.8601,0.9916,0.6283,0.8057,1.9604,0.7124,1
96178,1247.704,511.9081,240.0257,97043,349.9395,0.8833,0.9911,0.7461,0.7764,2.1327,0.6836,1
71768,1025.531,406.5734,225.3076,72315,302.2877,0.8324,0.9924,0.7173,0.8575,1.8045,0.7435,1
81013,1109.727,425.0978,244.3291,82136,321.1681,0.8183,0.9863,0.6917,0.8267,1.7399,0.7555,1
93313,1189.412,463.7824,257.2217,94188,344.688,0.8321,0.9907,0.7249,0.8289,1.803,0.7432,1
75795,1052.093,404.6336,238.9541,76547,310.6528,0.807,0.9902,0.7306,0.8605,1.6934,0.7677,1
73412,1053.637,419.7002,224.0424,74165,305.7304,0.8456,0.9898,0.6482,0.831,1.8733,0.7284,1
69144,1037.539,414.1029,214.2205,70111,296.7101,0.8558,0.9862,0.6969,0.8072,1.9331,0.7165,1
69573,1005.835,390.96,227.7105,70068,297.6291,0.8129,0.9929,0.6752,0.8642,1.7169,0.7613,1
65375,953.059,355.0603,235.0721,65995,288.51,0.7494,0.9906,0.7443,0.9044,1.5104,0.8126,1
65563,984.774,393.3192,212.8785,66035,288.9246,0.8409,0.9929,0.7296,0.8496,1.8476,0.7346,1
86505,1144.628,452.934,244.3227,87227,331.8759,0.842,0.9917,0.7243,0.8297,1.8538,0.7327,1
74948,1068.902,426.052,224.7881,75700,308.9122,0.8495,0.9901,0.678,0.8243,1.8953,0.7251,1
92547,1214.375,493.4909,239.8281,93424,343.2703,0.874,0.9906,0.6114,0.7886,2.0577,0.6956,1
73326,1048.647,408.789,229.636,74342,305.5512,0.8273,0.9863,0.7165,0.8379,1.7802,0.7475,1
93586,1162.973,448.7731,266.0874,94454,345.1918,0.8053,0.9908,0.7353,0.8695,1.6866,0.7692,1
73586,1020.916,394.8918,238.0174,74109,306.0925,0.7979,0.9929,0.7485,0.8872,1.6591,0.7751,1
76753,1039.69,385.1215,255.1327,77503,312.6099,0.7491,0.9903,0.7273,0.8923,1.5095,0.8117,1
65594,976.817,384.7373,218.0062,66003,288.9929,0.824,0.9938,0.7404,0.8639,1.7648,0.7511,1
77658,1060.762,406.273,244.9518,78446,314.4475,0.7978,0.99,0.7338,0.8673,1.6586,0.774,1
91455,1203.49,491.3347,237.4701,92255,341.2391,0.8754,0.9913,0.6791,0.7935,2.069,0.6945,1
82425,1104.453,433.2877,243.2176,83167,323.9549,0.8276,0.9911,0.7254,0.8491,1.7815,0.7477,1
65422,1008.42,395.3958,211.4682,66261,288.6137,0.845,0.9873,0.6673,0.8084,1.8698,0.7299,1
68663,1001.803,392.3675,223.8566,69265,295.6763,0.8213,0.9913,0.7304,0.8597,1.7528,0.7536,1
79424,1118.599,456.5852,222.9151,80134,318.0028,0.8727,0.9911,0.7459,0.7977,2.0482,0.6965,1
69375,1020.072,400.8691,221.583,69988,297.2053,0.8333,0.9912,0.712,0.8378,1.8091,0.7414,1
80306,1106.957,431.7003,237.5067,81047,319.7636,0.8351,0.9909,0.7326,0.8236,1.8176,0.7407,1
77348,1062.431,402.6828,245.8316,78431,313.8193,0.792,0.9862,0.72,0.8611,1.638,0.7793,1
78607,1104.858,444.4781,225.7373,79242,316.363,0.8614,0.992,0.6945,0.8092,1.969,0.7118,1
76249,1064.508,421.7171,230.6479,76789,311.5818,0.8372,0.993,0.7276,0.8456,1.8284,0.7388,1
87599,1148.241,448.2531,249.5575,88453,333.9678,0.8307,0.9903,0.7433,0.8349,1.7962,0.745,1
94940,1221.537,488.8275,248.7931,96135,347.68,0.8608,0.9876,0.7417,0.7996,1.9648,0.7113,1
67761,1001.306,380.5024,228.1263,68454,293.7277,0.8003,0.9899,0.7306,0.8493,1.6679,0.7719,1
67203,997.908,390.5428,219.7967,67844,292.5158,0.8266,0.9906,0.701,0.848,1.7768,0.749,1
80955,1121.401,452.0542,228.4732,81700,321.0531,0.8629,0.9909,0.7506,0.809,1.9786,0.7102,1
82069,1125.647,448.9059,233.6011,82876,323.2545,0.8539,0.9903,0.7152,0.8139,1.9217,0.7201,1
74986,1077.192,428.891,223.4677,75741,308.9905,0.8535,0.99,0.7118,0.8121,1.9193,0.7204,1
71563,1010.247,388.0756,235.1945,72103,301.8557,0.7954,0.9925,0.7027,0.8811,1.65,0.7778,1
85196,1160.292,460.6199,236.2519,86017,329.3553,0.8584,0.9905,0.6508,0.7952,1.9497,0.715,1
89165,1137.666,435.4343,261.4076,89981,336.9398,0.7997,0.9909,0.7302,0.8657,1.6657,0.7738,1
77994,1053.608,388.7629,256.4702,78700,315.127,0.7515,0.991,0.734,0.8829,1.5158,0.8106,1
87120,1173.539,472.9678,235.9258,88305,333.0535,0.8667,0.9866,0.7377,0.7949,2.0047,0.7042,1
76931,1102.157,447.6323,219.9894,77912,312.9722,0.8709,0.9874,0.7649,0.7958,2.0348,0.6992,1
84697,1132.218,443.8617,243.4756,85817,328.3894,0.8361,0.9869,0.6605,0.8303,1.823,0.7398,1
78088,1124.588,456.0179,218.6686,78855,315.3169,0.8775,0.9903,0.6639,0.7759,2.0854,0.6915,1
68012,1037.619,414.452,209.9692,68847,294.2712,0.8622,0.9879,0.729,0.7938,1.9739,0.71,1
84259,1139.639,456.0281,235.699,84990,327.5391,0.8561,0.9914,0.752,0.8153,1.9348,0.7182,1
65411,962.03,359.5264,232.5253,66102,288.5895,0.7627,0.9895,0.7266,0.8881,1.5462,0.8027,1
65765,998.338,394.6054,213.0929,66690,289.3693,0.8417,0.9861,0.6993,0.8292,1.8518,0.7333,1
87681,1125.864,431.1216,260.956,88512,334.1241,0.796,0.9906,0.7205,0.8692,1.6521,0.775,1
98296,1181.854,448.3096,281.348,99065,353.7716,0.7786,0.9922,0.7346,0.8843,1.5934,0.7891,1
79754,1132.588,459.8052,222.0332,80858,318.6627,0.8757,0.9863,0.6748,0.7813,2.0709,0.693,1
98457,1218.752,465.8918,270.6915,99556,354.0612,0.8139,0.989,0.7265,0.833,1.7211,0.76,1
78511,1114.002,454.565,220.9939,79257,316.1697,0.8739,0.9906,0.7085,0.795,2.0569,0.6955,1
69070,1002.06,384.5763,230.2959,69623,296.5513,0.8009,0.9921,0.7189,0.8644,1.6699,0.7711,1
82029,1103.206,428.6908,244.9967,83039,323.1758,0.8206,0.9878,0.7276,0.847,1.7498,0.7539,1
74565,1108.596,447.5146,212.7916,75400,308.1219,0.8797,0.9889,0.6968,0.7624,2.1031,0.6885,1
69452,1015.374,406.6001,217.9744,70038,297.3702,0.8442,0.9916,0.7428,0.8465,1.8654,0.7314,1
70305,1053.976,429.9598,209.7205,71159,299.1908,0.873,0.988,0.738,0.7953,2.0502,0.6959,1
95964,1202.762,479.3655,255.7648,96683,349.5499,0.8458,0.9926,0.6899,0.8336,1.8742,0.7292,1
82618,1156.895,481.4847,219.6581,83448,324.3339,0.8899,0.9901,0.7565,0.7757,2.192,0.6736,1
62908,984.099,396.7096,202.5649,63490,283.0141,0.8598,0.9908,0.664,0.8163,1.9584,0.7134,1
73830,1049.961,408.9587,231.2489,74577,306.5995,0.8248,0.99,0.6502,0.8416,1.7685,0.7497,1
64557,962.801,371.5194,222.7375,65056,286.6994,0.8004,0.9923,0.7197,0.8751,1.668,0.7717,1
82316,1121.279,437.4098,241.7525,83860,323.7406,0.8334,0.9816,0.7462,0.8227,1.8093,0.7401,1
73223,1052.517,417.8197,224.9094,74367,305.3366,0.8428,0.9846,0.6679,0.8306,1.8577,0.7308,1
61280,973.889,386.9175,204.3061,62284,279.328,0.8492,0.9839,0.7284,0.8119,1.8938,0.7219,1
66086,992.483,388.6784,217.6789,66864,290.0747,0.8285,0.9884,0.7251,0.8431,1.7856,0.7463,1
87080,1160.399,463.6087,241.0442,87925,332.977,0.8542,0.9904,0.7202,0.8127,1.9233,0.7182,1
75985,1094.898,446.7831,217.7286,76839,311.042,0.8732,0.9889,0.7109,0.7965,2.052,0.6962,1
66846,1000.908,399.247,213.9647,67418,291.7378,0.8443,0.9915,0.75,0.8385,1.8659,0.7307,1
88283,1147.212,454.1398,248.5042,88978,335.2692,0.837,0.9922,0.6691,0.8429,1.8275,0.7383,1
73832,1030.211,393.978,239.4966,74641,306.6037,0.794,0.9892,0.7062,0.8742,1.645,0.7782,1
70595,1028.377,406.0595,222.3746,71268,299.8072,0.8367,0.9906,0.662,0.8388,1.826,0.7383,1
59768,959.724,388.3111,196.7763,60292,275.8604,0.8621,0.9913,0.7221,0.8154,1.9734,0.7104,1
65320,1001.012,399.9118,210.6512,66404,288.3886,0.85,0.9837,0.6542,0.8192,1.8985,0.7211,1
84611,1140.264,462.2931,233.327,85284,328.2226,0.8633,0.9921,0.6839,0.8178,1.9813,0.71,1
64399,960.611,354.4452,233.2255,65314,286.3483,0.753,0.986,0.7124,0.877,1.5198,0.8079,1
61828,952.932,369.5451,214.6288,62580,280.5742,0.8141,0.988,0.7596,0.8556,1.7218,0.7592,1
64236,963.377,365.887,225.6229,65186,285.9857,0.7872,0.9854,0.7308,0.8698,1.6217,0.7816,1
69119,1004.552,398.421,221.4899,69560,296.6564,0.8312,0.9937,0.6819,0.8607,1.7988,0.7446,1
